,time,travel,position,force,stress
0,0.0,0.0,13.13857061771,-0.008580336347222,-5.1629600871509975
1,0.0,0.0,13.13857479748,-0.008476385846734,-5.100410990782219
2,0.0,0.0,13.13858296332,-0.007832521572709,-4.71298497228939
3,0.0,0.0,13.13857819495,-0.008023496717215,-4.827898538473961
4,0.0,0.0,13.13858101872,-0.008109327405691,-4.879544581347064
5,0.0,0.0,13.25068356017,-0.01088399533182,-6.549117798292125
6,0.0,0.0,13.25068218619,-0.01051537226886,-6.327309924538782
7,0.008000001311302,-3.281980752945e-06,13.25068546817,-0.01046828459948,-6.298976331569013
8,0.01099999248981,3.699213266373e-06,13.25067848698,-0.01052528154105,-6.333272531916784
9,0.01299999654293,4.464760422707e-06,13.25067772143,-0.01055569481105,-6.351572805096703
10,0.01399999856949,3.282446414232e-06,13.25067890374,-0.01060218643397,-6.379547744983593
11,0.1145000010729,-1.751980744302e-05,13.250699706,-0.01053248997778,-6.337609992550224
12,0.2149999886751,-5.986308678985e-06,13.2506881725,-0.01126368436962,-6.777584290555548
13,0.3149999976158,-1.17405961646e-05,13.25069392679,-0.01245578657836,-7.494896045533761
14,0.4155000001192,-3.864013342536e-05,13.25072082632,-0.009347426705062,-5.62453370623745
15,0.4919999986887,0.01017975714058,13.24050242905,0.01418750267476,8.536904275302613
16,0.501999989152,0.02066921442747,13.23001297176,0.04691633582115,28.230498138734895
17,0.5080000013113,0.03110622614622,13.21957596004,0.04176899790764,25.133241909247413
18,0.5129999965429,0.04186367243528,13.20881851376,0.03890082240105,23.407403309894296
19,0.5174999982119,0.05296444147825,13.19771774471,0.05992743372917,36.05953612404303
20,0.5214999914169,0.06442379206419,13.18625839413,0.07800909876823,46.939635822713385
21,0.5249999910593,0.075852625072,13.17482956112,0.08138129115105,48.96875146272336
22,0.527999997139,0.08663295954466,13.16404922665,0.07841584086418,47.184380681443066
23,0.5309999883175,0.09816860407591,13.15251358212,0.07166001200676,43.11926326238346
24,0.5335000008345,0.1082546636462,13.14242752254,0.06483933329582,39.01512438870574
25,0.5359999984503,0.1186764165759,13.13200576962,0.0602922141552,36.27903180625793
26,0.5384999960661,0.1293270587921,13.1213551274,0.05779358744621,34.77555811371656
27,0.5409999936819,0.1401302814484,13.11055190474,0.05449387431145,32.7900546876965
28,0.5434999912977,0.1510097980499,13.09967238814,0.04961487650871,29.85426407279832
29,0.5459999889135,0.1618587970734,13.08882338912,0.04581162333488,27.56577052858288
30,0.5485000014305,0.1726162433624,13.07806594283,0.04086396098137,24.58866307939272
31,0.5509999990463,0.1831448078156,13.06753737838,0.03676506876945,22.12227760972187
32,0.5534999966621,0.1934292316437,13.05725295455,0.04026481509209,24.228145007891392
33,0.555999994278,0.2034695148468,13.04721267134,0.05123588442802,30.829656976954443
34,0.5590000003576,0.2152950763702,13.03538710982,0.06664726138115,40.102990897344434
35,0.5619999915361,0.2269909381866,13.023691248,0.07902213931084,47.549202589854694
36,0.5649999976158,0.2386181354523,13.01206405074,0.08180591464043,49.22425591371677
37,0.5679999887943,0.2500774860382,13.00060470015,0.07412311434746,44.60136123162211
38,0.570999994874,0.2611248493195,12.98955733687,0.07113000750542,42.80034894764163
39,0.5740000009537,0.2716839313507,12.97899825484,0.0776626765728,46.73118665522971
40,0.5769999921322,0.2817776203156,12.96890456588,0.09013673663139,54.23707821950108
41,0.5804999917746,0.2930691242218,12.95761306197,0.1079284846783,64.94272906226593
42,0.5839999914169,0.3040020465851,12.94668013961,0.1259643733501,75.79528420469347
43,0.5874999910593,0.3147671222687,12.93591506392,0.1417114436626,85.2706115372077
44,0.5909999907017,0.3254406452179,12.92524154097,0.1552078425884,93.39166485660739
45,0.594499990344,0.3361065387726,12.91457564742,0.168643206358,101.47599210110494
46,0.5979999899864,0.3468029499054,12.90387923629,0.181338518858,109.11501568700788
47,0.6014999896288,0.3575298786163,12.89315230757,0.193690508604,116.54745510136064
48,0.6049999892712,0.3682873249054,12.88239486129,0.2036697566509,122.55216835279458
49,0.6084999889135,0.3790600299835,12.87162215621,0.212977617979,128.15289477994395
50,0.6119999885559,0.3898098468781,12.86087233931,0.2237579524517,134.63963776487464
51,0.6154999881983,0.4004986286163,12.85018355757,0.236170977354,142.1088032541897
52,0.6190000027418,0.4111416339874,12.8395405522,0.2481796443462,149.33465849711263
53,0.6225000023842,0.4216930866241,12.82898909957,0.25983735919,156.34933880919783
54,0.6260000020266,0.4321682453156,12.81851394088,0.2735702693462,164.6127056689185
55,0.6295000016689,0.4425823688507,12.80809981734,0.2892868220806,174.06966996398168
56,0.6330000013113,0.4529736042023,12.79770858199,0.3051559627056,183.61844944636036
57,0.6365000009537,0.4633495807648,12.78733260543,0.3199569880962,192.52452261741
58,0.640000000596,0.4737026691437,12.77697951705,0.3349868953228,201.56831856949316
59,0.6435000002384,0.4840481281281,12.76663405806,0.3502456843853,210.7498373025496
60,0.6469999998808,0.4943859577179,12.75629622847,0.3663284480572,220.4271580472061
61,0.6504999995232,0.5047237873077,12.74595839888,0.3829452693462,230.42583194746692
62,0.6539999991655,0.5150310993195,12.73565108687,0.4010269343853,241.30593164616135
63,0.6574999988079,0.5253689289093,12.72531325728,0.4200241267681,252.73692246880907
64,0.6609999984503,0.5357143878937,12.7149677983,0.4388534724712,264.0669165853856
65,0.6644999980927,0.5461056232452,12.70457656295,0.457606524229,275.35100310830444
66,0.667999997735,0.5565121173859,12.69417006881,0.4774734675884,287.30534049875894
67,0.6714999973774,0.5669643878937,12.6837177983,0.4988815486431,300.1870112812446
68,0.6749999970198,0.5774471759796,12.67323501021,0.5196639895439,312.69222186301215
69,0.6784999966621,0.5879833698273,12.66269881636,0.5405685305595,325.2709025272844
70,0.6819999963045,0.5985577106476,12.65212447554,0.562647998333,338.5565601340547
71,0.6854999959469,0.609162569046,12.64151961715,0.585368335247,352.22784152753803
72,0.6889999955893,0.6197903156281,12.63089187056,0.6083328127861,366.04602722081046
73,0.6924999952316,0.6304485797882,12.6202336064,0.6314346194267,379.9468465826429
74,0.695999994874,0.6411068439484,12.60957534224,0.6558334231377,394.6280950368377
75,0.6994999945164,0.6517803668976,12.59890181929,0.6808425784111,409.6766042402946
76,0.7029999941587,0.662499666214,12.58818251998,0.7054397463799,424.47721243801163
77,0.7064999938011,0.6732113361359,12.57747085006,0.7300826907158,439.3053651918752
78,0.7099999934435,0.6839306354523,12.56675155074,0.7556259036064,454.6752275509966
79,0.7134999930859,0.6946346759796,12.55604751021,0.7814742922783,470.2287202848092
80,0.7169999927282,0.7053158283234,12.54536635787,0.8078719973564,486.11274769298177
81,0.7204999923706,0.7159740924835,12.53470809371,0.8352310061455,502.57521078137455
82,0.723999992013,0.7265865802765,12.52409560591,0.8635513186455,519.6161095499273
83,0.7274999916553,0.7371761798859,12.51350600631,0.8923599123955,536.9508169179378
84,0.7309999912977,0.7477276325226,12.50295455367,0.9195358157158,553.3031017815036
85,0.7344999909401,0.7582561969757,12.49242598922,0.9475967288017,570.1879147315718
86,0.7379999905825,0.7687542438507,12.48192794234,0.9773513674736,588.0918762610469
87,0.7414999902248,0.7792217731476,12.47146041304,1.007136583328,606.0142366931333
88,0.7449999898672,0.7896816730499,12.46100051314,1.036982774734,623.9732873348412
89,0.7484999895096,0.8001263141632,12.45055587203,1.067042589188,642.0608792394889
90,0.751999989152,0.8105525374413,12.44012964875,1.097409009933,660.3329622851412
91,0.7554999887943,0.8209666609764,12.42971552521,1.128109693527,678.8061779762012
92,0.7589999884367,0.8313655257225,12.41931666047,1.158962965012,697.3712088548173
93,0.7624999880791,0.8417643904686,12.40891779572,1.191097974777,716.707487306258
94,0.7660000026226,0.8521785140038,12.39850367219,1.223568677902,736.2457591702022
95,0.769500002265,0.862623155117,12.38805903107,1.254940748215,755.1229616856668
96,0.7730000019073,0.873105943203,12.37757624299,1.28707575798,774.4592401371077
97,0.7765000015497,0.8836116194725,12.36707056672,1.318508863449,793.3731687273544
98,0.7800000011921,0.8941249251366,12.35655726105,1.350857496262,812.8379884417348
99,0.7835000008345,0.9046382308006,12.34604395539,1.383724927902,832.6149797923623
100,0.7870000004768,0.9151515364647,12.33553064973,1.416592359543,852.3919711435914
101,0.7905000001192,0.9256495833397,12.32503260285,1.449795484543,872.3709559067221
102,0.7939999997616,0.9361323714256,12.31454981477,1.483792066574,892.8273796438215
103,0.797499999404,0.9466304183006,12.30405176789,1.518185377121,913.5225228682059
104,0.8009999990463,0.9571284651756,12.29355372102,1.552304029465,934.0523987554703
105,0.8044999986887,0.9676341414452,12.28304804475,1.58688044548,954.8577202042002
106,0.8079999983311,0.9781627058983,12.27251948029,1.622067213058,976.0303024025532
107,0.8114999979734,0.988714158535,12.26196802766,1.657315015793,997.2396106762894
108,0.8149999976158,0.9992884993553,12.25139368684,1.69219660759,1018.2285625001316
109,0.8184999972582,1.009878158569,12.24080402762,1.728207349777,1039.896946709844
110,0.8219999969006,1.020475387573,12.23020679862,1.762692213058,1060.647179046401
111,0.8254999965429,1.031072616577,12.21960956961,1.797207593918,1081.4157744209506
112,0.8289999961853,1.04168510437,12.20899708182,1.833035230637,1102.9739804063177
113,0.8324999958277,1.052289962769,12.19839222342,1.86910700798,1124.6790906908118
114,0.83599999547,1.062887191772,12.18779499442,1.905514478683,1146.5861943878092
115,0.8394999951124,1.073492050171,12.17719013602,1.942532300949,1168.8605588344296
116,0.8429999947548,1.084112167358,12.16657001883,1.978604078293,1190.5656691195254
117,0.8464999943972,1.094755172729,12.15592701346,2.014309644699,1212.0504229547269
118,0.8499999940395,1.105382919312,12.14529926688,2.049984693527,1233.5168137525377
119,0.8534999936819,1.115995407104,12.13468677909,2.086025953293,1255.2035610002426
120,0.8569999933243,1.126585006714,12.12409717948,2.12237238884,1277.0739386224584
121,0.8604999929667,1.137144088745,12.11353809745,2.157742261887,1298.3566990457582
122,0.863999992609,1.147665023804,12.10301716239,2.194119215012,1320.2454397053648
123,0.8674999922514,1.158155441284,12.09252674491,2.230221509933,1341.9689130272498
124,0.8709999918938,1.168600082397,12.08208210379,2.267819166183,1364.5921751855008
125,0.8744999915361,1.179037094116,12.07164509207,2.306027173996,1387.582698093375
126,0.8779999911785,1.189474105835,12.06120808036,2.343167066574,1409.9305146895588
127,0.8814999908209,1.199911117554,12.05077106864,2.380245923996,1432.2416052109613
128,0.8849999904633,1.210378646851,12.04030353934,2.417690992355,1454.7730521816559
129,0.8884999901056,1.220861434937,12.02982075125,2.454617261887,1476.9923275161038
130,0.891999989748,1.231351852417,12.01933033377,2.492459058762,1499.7624939740838
131,0.8954999893904,1.241849899292,12.0088322869,2.529934644699,1522.3123039821694
132,0.8989999890327,1.252393722534,11.99828846366,2.56768488884,1545.0273813279769
133,0.9024999886751,1.262975692749,11.98770649344,2.606442213058,1568.3484389094888
134,0.9059999883175,1.273580551147,11.97710163504,2.643734693527,1590.7880706932292
135,0.9094999879599,1.284208297729,11.96647388846,2.681149244308,1613.301154626533
136,0.9130000025034,1.294843673706,11.95583851249,2.719113111496,1636.1447732346783
137,0.9165000021458,1.305471420288,11.9452107659,2.757870435715,1659.465830816792
138,0.9200000017881,1.316114425659,11.93456776053,2.79620051384,1682.5298058742299
139,0.9235000014305,1.326765060425,11.92391712577,2.835293531418,1706.052856868245
140,0.9270000010729,1.337408065796,11.9132741204,2.874447584152,1729.6126339370421
141,0.9305000007153,1.348058700562,11.90262348563,2.913265943527,1752.9704175939378
142,0.9340000003576,1.358694076538,11.89198810965,2.953274488449,1777.0443597120868
143,0.9375,1.369314193726,11.88136799247,2.993740797043,1801.3937473923029
144,0.9409999996424,1.379941940308,11.87074024588,3.034207105637,1825.743135072519
145,0.9444999992847,1.390554428101,11.86012775809,3.074703931808,1850.1108857895242
146,0.9479999989271,1.40114402771,11.84953815848,3.11568903923,1874.7724451065887
147,0.9514999985695,1.411687850952,11.83899433524,3.156643629074,1899.4156413862627
148,0.9549999982119,1.422239303589,11.8284428826,3.197933912277,1924.2608310778382
149,0.9584999978542,1.432752609253,11.81792957694,3.24004817009,1949.601822781375
150,0.9619999974966,1.443258285522,11.80742390067,3.282345533371,1975.0529927092568
151,0.965499997139,1.453756332397,11.79692585379,3.32403254509,2000.1369018881173
152,0.9689999967813,1.464262008667,11.78642017752,3.366848707199,2025.900243452848
153,0.9724999964237,1.474775314331,11.77590687186,3.408474683762,2050.9474265569265
154,0.9759999960661,1.48529624939,11.7653859368,3.450833082199,2076.4353225595905
155,0.9794999957085,1.495824813843,11.75485737235,3.49313044548,2101.8864924874724
156,0.9829999953508,1.506383895874,11.74429829032,3.534451246262,2126.7500452170407
157,0.9864999949932,1.5169506073,11.73373157889,3.576504468918,2152.0543108451934
158,0.9899999946356,1.527532577515,11.72314960868,3.619076490402,2177.6707481101953
159,0.993499994278,1.538129806519,11.71255237967,3.66207575798,2203.544267899873
160,0.9969999939203,1.548742294312,11.70193989188,3.706112623215,2230.04213096385
161,1.000499993563,1.559398293495,11.6912838927,3.749039888382,2255.8723254619395
162,1.003999993205,1.570071816444,11.68061036975,3.792771577835,2282.1865581508036
163,1.007499992847,1.580760598183,11.66992158801,3.83696103096,2308.776236401735
164,1.01099999249,1.591487526894,11.6591946593,3.881333589554,2335.4760928776136
165,1.014499992132,1.602222084999,11.64846010119,3.925645112991,2362.1392232781086
166,1.017999991775,1.612979531288,11.6377026549,3.969620943069,2388.600360266702
167,1.021499991417,1.623729348183,11.62695283801,4.013688087463,2415.116442906586
168,1.024999991059,1.634448647499,11.61623353869,4.058030128479,2441.797936345074
169,1.028499990702,1.645129799843,11.60555238635,4.10374546051,2469.3057664691605
170,1.031999990344,1.655772805214,11.59490938098,4.150162696838,2497.2359464550427
171,1.035499989986,1.666400551796,11.5842816344,4.196640968323,2525.2028525163087
172,1.038999989629,1.677005410194,11.573676776,4.241318702698,2552.0863393666978
173,1.042499989271,1.687595009804,11.56308717639,4.28685092926,2579.4839912658376
174,1.045999988914,1.69814646244,11.55253572375,4.332535743713,2606.973458352533
175,1.049499988556,1.708667397499,11.54201478869,4.379441261292,2635.1974469384754
176,1.052999988198,1.719188332558,11.53149385363,4.425614356995,2662.980722624629
177,1.056500002742,1.729694008827,11.52098817736,4.471512794495,2690.5987309736624
178,1.060000002384,1.740184426308,11.51049775988,4.517136573792,2718.0514719855764
179,1.063500002027,1.750651955605,11.50003023059,4.563248634338,2745.798021596346
180,1.067000001669,1.761104226112,11.48957796008,4.609635353088,2773.7098385448376
181,1.070500001311,1.771525979042,11.47915620715,4.656998634338,2802.2092726922447
182,1.074000000954,1.781955361366,11.46872682482,4.704941749573,2831.057604551884
183,1.077500000596,1.792392373085,11.45828981311,4.751084327698,2858.822517200647
184,1.081000000238,1.802821755409,11.44786043078,4.797837257385,2886.9546905984307
185,1.084499999881,1.813235878944,11.43744630725,4.844559669495,2915.068500959426
186,1.087999999523,1.823642373085,11.42703981311,4.891648292542,2943.4026677697134
187,1.091499999166,1.834010720253,11.41667146594,4.939072608948,2971.9388279919017
188,1.094999998808,1.844379067421,11.40630311877,4.986130714417,3000.2546317647984
189,1.09849999845,1.854724526405,11.39595765979,5.032761573792,3028.313353013019
190,1.101999998093,1.865031838417,11.38565034777,5.079758644104,3056.592430710532
191,1.105499997735,1.875316262245,11.37536592395,5.127976417542,3085.606029907291
192,1.108999997377,1.885585427284,11.36509675891,5.176041603088,3114.527813915892
193,1.11249999702,1.895869851112,11.35481233508,5.22468662262,3143.7984956373275
194,1.115999996662,1.906146645546,11.34453554065,5.272721290588,3172.7019166085374
195,1.119499996305,1.916446328163,11.33423585803,5.320969581604,3201.733878842688
196,1.122999995947,1.926768898964,11.32391328723,5.368546485901,3230.3618542524323
197,1.126499995589,1.937114357948,11.31356782824,5.417588233948,3259.8712554605513
198,1.129999995232,1.947475075722,11.30320711047,5.466355323792,3289.2153893315503
199,1.133499994874,1.957858681679,11.29282350451,5.515152931213,3318.5778862393377
200,1.136999994516,1.968265175819,11.28241701037,5.56468296051,3348.381096046914
201,1.140499994159,1.978679299355,11.27200288684,5.614151954651,3378.147579779709
202,1.143999993801,1.989101052284,11.26158113391,5.663895606995,3408.079330849623
203,1.147499993443,1.999515175819,11.25116701037,5.714249610901,3438.3783426685586
204,1.150999993086,2.00993680954,11.24074537665,5.765793800354,3469.3935129487486
205,1.154499992728,2.020358562469,11.23032362372,5.815781593323,3499.4721683183916
206,1.157999992371,2.030795574188,11.219886612,5.866532325745,3530.0098996246124
207,1.161499992013,2.041224956512,11.20945722968,5.917252540588,3560.5292678928404
208,1.164999991655,2.051661968231,11.19902021796,5.96849155426,3591.360807798519
209,1.168499991298,2.062076091766,11.18860609442,6.019883155823,3622.284162891754
210,1.17199999094,2.072467327118,11.17821485907,6.072281837463,3653.813498220694
211,1.175499990582,2.082858562469,11.16782362372,6.124405860901,3685.1775662131154
212,1.178999990225,2.093234539032,11.15744764716,6.17634677887,3716.43145598059
213,1.182499989867,2.103618144989,11.1470640412,6.228623390198,3747.887339159966
214,1.18599998951,2.114009380341,11.13667280585,6.281022071838,3779.4166744889053
215,1.189499989152,2.124385356903,11.12629682929,6.33308506012,3810.7440164065456
216,1.192999988794,2.134761333466,11.11592085273,6.38630771637,3842.7691537474466
217,1.196499988437,2.145137310028,11.10554487616,6.439469337463,3874.7575650129634
218,1.199999988079,2.155505657196,11.095176529,6.491990089417,3906.3603524926707
219,1.203500002623,2.165881633759,11.08480055243,6.54548740387,3938.5507571706908
220,1.207000002265,2.17627286911,11.07440931708,6.599961280823,3971.328779047627
221,1.210500001907,2.186679363251,11.06400282294,6.653275489807,4003.4090055007005
222,1.21400000155,2.197093486786,11.05358869941,6.707444190979,4036.0033970031263
223,1.217500001192,2.207515239716,11.04316694648,6.76243686676,4069.093590516911
224,1.221000000834,2.21794462204,11.03273756415,6.817063331604,4101.963427581403
225,1.224500000477,2.228381633759,11.02230055243,6.87181186676,4134.906716795459
226,1.228000000119,2.238833904266,11.01184828192,6.927231788635,4168.25399283392
227,1.231499999762,2.249263286591,11.0014188996,6.983567237854,4202.152159996515
228,1.234999999404,2.259700298309,10.99098188788,7.04075717926,4236.56449220786
229,1.238499999046,2.270167827606,10.98051435858,7.09935092926,4271.821524142797
230,1.241999998689,2.280665874481,10.97001631171,7.156907081604,4306.454212804036
231,1.245499998331,2.291179180145,10.95950300605,7.214707374573,4341.233805765004
232,1.248999997973,2.301738262177,10.94894392401,7.272446632385,4375.976672650589
233,1.252499997616,2.312299013138,10.93838317305,7.330556869507,4410.942765210923
234,1.255999997258,2.322865724564,10.92781646163,7.389150619507,4446.1997971458595
235,1.259499996901,2.333440065384,10.91724212081,7.449148178101,4482.301528804388
236,1.262999996543,2.344014406204,10.90666777999,7.508779525757,4518.182904013022
237,1.266499996185,2.354604005814,10.89607818038,7.568227767944,4553.954100996709
238,1.269999995828,2.365216493607,10.88546569258,7.628164291382,4590.019106580456
239,1.27349999547,2.375821352005,10.87486083419,7.688161849976,4626.120838238983
240,1.276999995112,2.386426210403,10.86425597579,7.748403549194,4662.369474196639
241,1.280499994755,2.397008180618,10.85367400557,7.808950424194,4698.801740529407
242,1.283999994397,2.407582521439,10.84309966475,7.869497299194,4735.234006862175
243,1.28749999404,2.418126344681,10.83255584151,7.929250717163,4771.188834220974
244,1.290999993682,2.428654909134,10.82202727706,7.989126205444,4807.217113729337
245,1.294499993324,2.43913769722,10.81154448897,8.049245834351,4843.392297538031
246,1.297999992967,2.449574708939,10.80110747725,8.110097885132,4880.008194245309
247,1.301499992609,2.459981203079,10.79070098311,8.171560287476,4916.991351702211
248,1.304999992251,2.470372438431,10.78030974776,8.233510971069,4954.268317757969
249,1.308499991894,2.480756044388,10.7699261418,8.294546127319,4990.994392690194
250,1.311999991536,2.491124391556,10.75955779464,8.356374740601,5028.19790659699
251,1.315499991179,2.501485109329,10.74919707686,8.418264389038,5065.438146577967
252,1.318999990821,2.511822938919,10.73885924727,8.480337142944,5102.788564783889
253,1.322499990463,2.522153139114,10.72852904708,8.542959213257,5140.469517664654
254,1.325999990106,2.532452821732,10.71822936446,8.605825424194,5178.297374844546
255,1.329499989748,2.542790651321,10.70789153487,8.669485092163,5216.602670999007
256,1.33299998939,2.553128480911,10.69755370528,8.732595443726,5254.577432479229
257,1.336499989033,2.56348156929,10.6872006169,8.796621322632,5293.103085082984
258,1.339999988675,2.573849916458,10.67683226973,8.862051010132,5332.473437410329
259,1.343499988317,2.584248781204,10.66643340499,8.928335189819,5372.3579547864265
260,1.34699998796,2.594701051712,10.65598113448,8.993642807007,5411.6548549642075
261,1.350500002503,2.605199098587,10.6454830876,9.059011459351,5450.988481216772
262,1.354000002146,2.615712404251,10.63496978194,9.124319076538,5490.285381393954
263,1.357500001788,2.626225709915,10.62445647628,9.190114974976,5529.876090171193
264,1.361000001431,2.636754274368,10.61392791182,9.256643295288,5569.907511847019
265,1.364500001073,2.647259950638,10.60342223555,9.323537826538,5610.159289972738
266,1.368000000715,2.657757997513,10.59292418868,9.390188217163,5650.264163798728
267,1.371500000358,2.668263673782,10.58241851241,9.458059310913,5691.103559123363
268,1.375,2.678776979446,10.57190520674,9.525869369507,5731.9062283732155
269,1.378499999642,2.689275026321,10.56140715987,9.593496322632,5772.598719398122
270,1.381999999285,2.699780702591,10.5509014836,9.661550521851,5813.548292947704
271,1.385499998927,2.71028637886,10.54039580733,9.730459213257,5855.012031546036
272,1.388999998569,2.720799684525,10.52988250167,9.799795150757,5896.732852669044
273,1.392499998212,2.731328248978,10.51935393721,9.867788314819,5937.645700143244
274,1.395999997854,2.741856813431,10.50882537276,9.936819076538,5979.182890891741
275,1.399499997497,2.752377748489,10.4983044377,10.00694847107,6021.38115098932
276,1.402999997139,2.762891054153,10.48779113204,10.07744407654,6063.799767536793
277,1.406499996781,2.773396730423,10.47728545577,10.14818382263,6106.3652883809855
278,1.409999996424,2.783879518509,10.46680266768,10.21886253357,6148.894083154008
279,1.413499996066,2.7943546772,10.45632750899,10.29002952576,6191.716686526486
280,1.416999995708,2.804799318314,10.44588286788,10.36186790466,6234.943276717956
281,1.420499995351,2.815221071243,10.43546111495,10.43437767029,6278.573853740449
282,1.423999994993,2.825612306595,10.4250698796,10.50719261169,6322.388061130833
283,1.427499994636,2.836003541946,10.41467864424,10.58110618591,6366.863337874511
284,1.430999994278,2.846394777298,10.40428740889,10.65386009216,6410.6408191937235
285,1.43449999392,2.856793642044,10.39388854415,10.72569847107,6453.86740939121
286,1.437999993563,2.867146730423,10.38353545577,10.79662132263,6496.543108460951
287,1.441499993205,2.877400636673,10.37328154952,10.86778831482,6539.365711833431
288,1.444999992847,2.887509584427,10.36317260176,10.93877220154,6582.078136980362
289,1.449000000954,2.898816347122,10.35186583907,11.01628684998,6628.720252145792
290,1.452999994159,2.909772157669,10.34091002852,11.09264183044,6674.664571880741
291,1.457000002265,2.920293092728,10.33038909346,11.16563987732,6718.588957502692
292,1.46099999547,2.930302858353,10.32037932784,11.23558616638,6760.677039373518
293,1.465499997139,2.940854310989,10.3098278752,11.30901145935,6804.858507517738
294,1.470499992371,2.951565980911,10.29911620528,11.38402366638,6849.99485360869
295,1.475999996066,2.961980104446,10.28870208174,11.45671653748,6893.735608856733
296,1.482500001788,2.972253084183,10.27842910201,11.5295009613,6937.531453208523
297,1.490999996662,2.982350587845,10.26833159835,11.60263633728,6981.53847249813
298,1.505499988794,2.992425441742,10.25825674445,11.67668056488,7026.092365995149
299,1.524999991059,2.997938632965,10.25274355323,11.70738315582,7044.566729374466
300,1.625,3.002783536911,10.24789864928,11.66576957703,7019.527006258502
301,1.725500002503,3.002213716507,10.24846846968,11.60849189758,6985.061880310296
302,1.825999990106,3.001567363739,10.24911482245,11.56322383881,6957.8231834580465
303,1.925999999046,3.001090764999,10.24959142119,11.52485561371,6934.736254602366
304,2.02650000155,3.000683546066,10.24999864012,11.49716472626,6918.074093482256
305,2.126999989152,3.00039768219,10.250284504,11.47097396851,6902.314590422768
306,2.226999998093,3.000254154205,10.25042803199,11.44749546051,6888.187102314554
307,2.327500000596,3.000164031982,10.25051815421,11.42308712006,6873.500115413656
308,2.427999988198,3.000104427338,10.25057775885,11.39908599854,6859.058160292079
309,2.527999997139,3.000057458878,10.25062472731,11.38097763062,6848.1619929355775
310,2.628499999642,3.000022888184,10.25065929801,11.37180805206,6842.644474017266
311,2.729000002146,2.999989032745,10.25069315345,11.35668563843,6833.545015111046
312,2.829499989748,3.000035762787,10.2506464234,11.33474445343,6820.342565016364
313,2.929499998689,2.999989748001,10.25069243819,11.3193321228,6811.068657249517
314,3.030000001192,3.000037193298,10.25064499289,11.31013870239,6805.536792212944
315,3.130499988794,3.00001168251,10.25067050368,11.29939651489,6799.073003024872
316,3.230499997735,3.000022172928,10.25066001326,11.28691864014,6791.56481608444
317,3.331000000238,3.000013589859,10.25066859633,11.27140140533,6782.2277853731775
318,3.431500002742,2.99998831749,10.2506938687,11.25946998596,6775.0484115703875
319,3.531999990344,3.000027894974,10.25065429122,11.24911689758,6768.818751109351
320,3.631999999285,3.00001502037,10.25066716582,11.24223232269,6764.676164626063
321,3.732500001788,3.000020980835,10.25066120536,11.22975540161,6757.168551527954
322,3.83299998939,3.000031471252,10.25065071494,11.2191991806,6750.81666209842
323,3.932999998331,3.000014066696,10.25066811949,11.20789337158,6744.013730562746
324,4.033500000834,3.000007152557,10.25067503363,11.20236206055,6740.685430025114
325,4.133999988437,3.000042200089,10.2506399861,11.19384670258,6735.561568727865
326,4.233999997377,3.000039577484,10.25064260871,11.18405342102,6729.668755233102
327,4.334499999881,3.000018596649,10.25066358954,11.17076969147,6721.675669332995
328,4.435000002384,3.000022411346,10.25065977484,11.16459178925,6717.95830193696
329,4.535499989986,3.000044107437,10.25063807875,11.16063785553,6715.579140892742
330,4.635499998927,3.000027656555,10.25065452964,11.15330505371,6711.166847295894
331,4.736000001431,3.00001168251,10.25067050368,11.14430236816,6705.74975124151
332,4.836499989033,3.000010967255,10.25067121894,11.13358020782,6699.298012796387
333,4.936499997973,3.000029563904,10.25065262229,11.12909984589,6696.602089363495
334,5.037000000477,3.00005698204,10.25062520415,11.120844841,6691.634887724586
335,5.137499988079,3.000017404556,10.25066478163,11.11664962769,6689.110543922653
336,5.23749999702,3.000015735626,10.25066645056,11.10819149017,6684.021113315246
337,5.337999999523,2.999997615814,10.25068457038,11.10050106049,6679.3936278782985
338,5.438500002027,3.000000476837,10.25068170935,11.09420204163,6675.603382176227
339,5.538999989629,3.000001192093,10.2506809941,11.09050369263,6673.378011572714
340,5.638999998569,2.999982833862,10.25069935233,11.0842962265,6669.642854980408
341,5.739500001073,3.000000953674,10.25068123252,11.0768995285,6665.192113773384
342,5.839999988675,3.000015735626,10.25066645056,11.06870365143,6660.260490527017
343,5.939999997616,3.000040054321,10.25064213187,11.06169891357,6656.045599580015
344,6.039999991655,3.000028133392,10.2506540528,11.05813694,6653.902288801837
345,6.140000000596,2.999988794327,10.25069339186,11.05329704285,6650.990025832162
346,6.239999994636,3.000009298325,10.25067288787,11.04868125916,6648.212616416259
347,6.339999988675,3.000017881393,10.2506643048,11.03988265991,6642.9183231726975
348,6.439999997616,3.000020027161,10.25066215903,11.03554916382,6640.310771854766
349,6.539999991655,3.000016212463,10.25066597373,11.03054904938,6637.302102935479
350,6.640000000596,3.000014305115,10.25066788108,11.02667713165,6634.9722925537235
351,6.739999994636,3.000007629395,10.2506745568,11.01918315887,6630.463019164939
352,6.839999988675,3.000042915344,10.25063927085,11.01260089874,6626.502341522572
353,6.939999997616,3.000021219254,10.25066096694,11.01003074646,6624.955829462607
354,7.039999991655,3.000021219254,10.25066096694,11.00480747223,6621.812880831873
355,7.140000000596,3.000026464462,10.25065572173,10.99722576141,6617.250813708636
356,7.239999994636,3.000021934509,10.25066025168,10.99680709839,6616.998895791347
357,7.339999988675,3.000021219254,10.25066096694,10.98864459991,6612.087357110545
358,7.439999997616,3.000027418137,10.25065476805,10.98211860657,6608.160536321714
359,7.539999991655,3.000008583069,10.25067360312,10.97911453247,6606.352924819146
360,7.640000000596,3.000014305115,10.25066788108,10.97499370575,6603.873340917017
361,7.739999994636,2.999983549118,10.25069863707,10.97001075745,6600.875001207693
362,7.839999988675,2.999996423721,10.25068576247,10.96790981293,6599.610820846558
363,7.939999997616,3.00000834465,10.25067384154,10.96132087708,6595.646126289875
364,8.039999991655,3.000013589859,10.25066859633,10.95503234863,6591.862192877431
365,8.140000000596,3.000005722046,10.25067646415,10.950548172,6589.163974063208
366,8.239999994636,2.999999761581,10.25068242461,10.95098018646,6589.42392580913
367,8.339999988675,3.000011205673,10.25067098052,10.94516849518,6585.926914864192
368,8.439999997616,3.000010490417,10.25067169577,10.93743228912,6581.271884863336
369,8.539999991655,3.000002145767,10.25068004042,10.93597221375,6580.393328294632
370,8.640000000596,3.000014781952,10.25066740424,10.9327583313,6578.459470909249
371,8.739999994636,3.000023841858,10.25065834433,10.92594337463,6574.358775102112
372,8.839999988675,2.999985218048,10.25069696814,10.92250823975,6572.291785701964
373,8.939999997616,3.000020742416,10.25066144377,10.91827964783,6569.747357322431
374,9.039999991655,3.000005722046,10.25067646415,10.91284751892,6566.4787366512055
375,9.140000000596,3.000020027161,10.25066215903,10.91292572021,6566.5257919323385
376,9.239999994636,3.000005722046,10.25067646415,10.90741443634,6563.209542137658
377,9.339999988675,3.000027656555,10.25065452964,10.90180397034,6559.833612470554
378,9.439999997616,3.000008583069,10.25067360312,10.8959312439,6556.299875448427
379,9.539999991655,3.000023365021,10.25065882117,10.89311790466,6554.607032928048
380,9.640000000596,3.000008821487,10.2506733647,10.89009952545,6552.790813754523
381,9.739999994636,2.999987125397,10.25069506079,10.8867559433,6550.778913464141
382,9.839999988675,2.999997615814,10.25068457038,10.88252067566,6548.230468170291
383,9.939999997616,2.999984025955,10.25069816024,10.88048553467,6547.005883109998
384,10.03999999166,3.000012874603,10.25066931159,10.87509536743,6543.762511615336
385,10.1400000006,3.000004529953,10.25067765624,10.87198734283,6541.892351016692
386,10.23999999464,3.000005722046,10.25067646415,10.86704921722,6538.920982016919
387,10.33999998868,3.000006198883,10.25067598731,10.86291980743,6536.436233509809
388,10.43999999762,3.000022172928,10.25066001326,10.86051654816,6534.990144313771
389,10.53999999166,2.999955177307,10.25072700888,10.85767841339,6533.282381826791
390,10.6400000006,3.000009775162,10.25067241103,10.84973907471,6528.505122863453
391,10.73999999464,3.000016689301,10.25066549689,10.84794044495,6527.422851343241
392,10.83999998868,3.000017166138,10.25066502005,10.84680652618,6526.740549727701
393,10.93999999762,3.00000500679,10.2506771794,10.84298992157,6524.444022357158
394,11.03999999166,3.000011920929,10.25067026526,10.83965682983,6522.4384343564025
395,11.1400000006,2.999984502792,10.2506976834,10.83584785461,6520.1464977424985
396,11.23999999464,3.000008583069,10.25067360312,10.82980823517,6516.512337862462
397,11.33999998868,3.00000500679,10.2506771794,10.82905006409,6516.056131151341
398,11.43999999762,2.999995946884,10.25068623931,10.82664871216,6514.611189639951
399,11.53999999166,3.000030994415,10.25065119178,10.82339096069,6512.650935387341
400,11.6400000006,3.000018119812,10.25066406638,10.82102966309,6511.230095367866
401,11.73999999464,3.000006914139,10.25067527205,10.81339931488,6506.638762153749
402,11.83999998868,3.000039577484,10.25064260871,10.81310462952,6506.461444075485
403,11.93999999762,3.000003814697,10.25067837149,10.81168746948,6505.608710519651
404,12.03999999166,3.00000834465,10.25067384154,10.80758571625,6503.140603518146
405,12.1400000006,3.000007152557,10.25067503363,10.80174446106,6499.625803376938
406,12.23999999464,2.999979496002,10.25070269019,10.79967212677,6498.378838363735
407,12.33999998868,2.999994277954,10.25068790824,10.79597854614,6496.156336983875
408,12.43999999762,2.999965906143,10.25071628005,10.79219055176,6493.877024961261
409,12.53999999166,2.999999523163,10.25068266303,10.79097938538,6493.14824191293
410,12.6400000006,2.999991416931,10.25069076926,10.78755283356,6491.086417111744
411,12.73999999464,3.000009298325,10.25067288787,10.78467750549,6489.356274671853
412,12.83999998868,3.000001430511,10.25068075568,10.78193759918,6487.707618214971
413,12.93999999762,3.000062704086,10.2506194821,10.78011417389,6486.610426728157
414,13.03999999166,3.000006914139,10.25067527205,10.77714920044,6484.826342869163
415,13.1400000006,3.000017881393,10.2506643048,10.77546882629,6483.815228115983
416,13.23999999464,3.000032424927,10.25064976126,10.76892948151,6479.880373498519
417,13.33999998868,3.00001001358,10.25067217261,10.76681137085,6478.605863927424
418,13.43999999762,2.99995970726,10.25072247893,10.76650810242,6478.423381244179
419,13.53999999166,3.000030755997,10.25065143019,10.76206302643,6475.748690067516
420,13.6400000006,3.000022411346,10.25065977484,10.75724697113,6472.8507732161015
421,13.73999999464,2.999995231628,10.25068695456,10.75758647919,6473.055062009933
422,13.83999998868,3.000015258789,10.2506669274,10.75229167938,6469.869075006367
423,13.93999999762,3.000015497208,10.25066668898,10.75067520142,6468.896407869379
424,14.03999999166,3.000006198883,10.25067598731,10.74953460693,6468.210089339524
425,14.1400000006,2.999991178513,10.25069100768,10.74573230743,6465.922169639935
426,14.23999999464,2.999980926514,10.25070125968,10.74254989624,6464.007249141488
427,14.33999998868,2.999998807907,10.25068337828,10.73845672607,6461.544306738948
428,14.43999999762,2.999986410141,10.25069577605,10.73582172394,6459.958773226482
429,14.53999999166,2.999990940094,10.2506912461,10.73342132568,6458.514405557416
430,14.6400000006,3.000017166138,10.25066502005,10.7283821106,6455.482209000572
431,14.73999999464,3.000006914139,10.25067527205,10.72754096985,6454.97607777865
432,14.83999998868,3.000030755997,10.25065143019,10.72432899475,6453.043368083931
433,14.93999999762,2.999998092651,10.25068409354,10.72279071808,6452.117756228076
434,15.03999999166,3.000008106232,10.25067407996,10.71935558319,6450.05076682191
435,15.1400000006,3.000033855438,10.25064833075,10.7153673172,6447.650947363786
436,15.23999999464,3.000020980835,10.25066120536,10.71413803101,6446.91126126317
437,15.33999998868,3.000021696091,10.2506604901,10.71311950684,6446.298394887691
438,15.43999999762,2.999981164932,10.25070102126,10.70987510681,6444.346174463713
439,15.53999999166,2.999994039536,10.25068814666,10.70433235168,6441.010987782097
440,15.6400000006,3.000015735626,10.25066645056,10.7014465332,6439.274533052578
441,15.73999999464,2.999978780746,10.25070340544,10.70023441315,6438.545176161922
442,15.83999998868,2.999987363815,10.25069482238,10.69838905334,6437.434786235478
443,15.93999999762,2.999960899353,10.25072128684,10.69644451141,6436.264716442628
444,16.03999999166,3.000007867813,10.25067431838,10.69227695465,6433.757014140283
445,16.1400000006,2.999987840652,10.25069434554,10.69046878815,6432.669004172766
446,16.23999999464,3.000002622604,10.25067956359,10.68593120575,6429.938650037996
447,16.33999998868,3.000002861023,10.25067932517,10.68701267242,6430.589390175311
448,16.43999999762,2.999989748001,10.25069243819,10.68288516998,6428.105789358865
449,16.53999999166,3.00001001358,10.25067217261,10.68283748627,6428.077097116326
450,16.6400000006,3.000003814697,10.25067837149,10.68028068542,6426.538618878976
451,16.73999999464,3.000057697296,10.25062448889,10.67486381531,6423.279179733066
452,16.83999998868,2.999995946884,10.25068623931,10.67411613464,6422.829285311574
453,16.93999999762,3.000001430511,10.25068075568,10.67154884338,6421.284494784596
454,17.03999999166,3.000015497208,10.25066668898,10.67039394379,6420.5895685898
455,17.1400000006,3.000018358231,10.25066382796,10.66697597504,6418.532908393596
456,17.23999999464,2.999981403351,10.25070078284,10.66450786591,6417.047797739041
457,17.33999998868,3.000036716461,10.25064546973,10.66308879852,6416.1939164925425
458,17.43999999762,2.999972820282,10.25070936591,10.6548242569,6411.220976412346
459,17.53999999166,2.999972343445,10.25070984275,10.65401172638,6410.732060538355
460,17.6400000006,3.000007629395,10.2506745568,10.65453243256,6411.045379867071
461,17.73999999464,3.00003361702,10.25064856917,10.65367126465,6410.527197902199
462,17.83999998868,2.999999523163,10.25068266303,10.64911270142,6407.7842191821555
463,17.93999999762,3.000005483627,10.25067670256,10.64673995972,6406.356493018695
464,18.03999999166,2.999979972839,10.25070221335,10.64545726776,6405.584671597529
465,18.1400000006,3.000008106232,10.25067407996,10.64371871948,6404.538552306166
466,18.23999999464,2.999981164932,10.25070102126,10.64295387268,6404.078328680728
467,18.33999998868,3.000011920929,10.25067026526,10.63778877258,6400.970384588179
468,18.43999999762,3.000009775162,10.25067241103,10.63457775116,6399.038248741801
469,18.53999999166,3.000000953674,10.25068123252,10.63295078278,6398.0592693091685
470,18.6400000006,2.999999761581,10.25068242461,10.63173389435,6397.327043188844
471,18.73999999464,2.999997615814,10.25068457038,10.63050556183,6396.587930930551
472,18.83999998868,2.999978065491,10.2507041207,10.62835884094,6395.296206011526
473,18.93999999762,2.999984741211,10.25069744498,10.62339782715,6392.311064735815
474,19.03999999166,2.999999284744,10.25068290145,10.6239490509,6392.642747097108
475,19.1400000006,3.000006437302,10.25067574889,10.62306594849,6392.11136670464
476,19.23999999464,2.999981880188,10.250700306,10.61930751801,6389.84984387228
477,19.33999998868,2.999956130981,10.25072605521,10.617146492,6388.549511276281
478,19.43999999762,3.000022888184,10.25065929801,10.61485671997,6387.171709623623
479,19.53999999166,3.000011920929,10.25067026526,10.61500072479,6387.2583602055975
480,19.6400000006,3.000021934509,10.25066025168,10.610871315,6384.773611698488
481,19.73999999464,3.00001001358,10.25067217261,10.61053657532,6384.572192134324
482,19.83999998868,3.000017642975,10.25066454322,10.60546779633,6381.52220638121
483,19.93999999762,3.000004529953,10.25067765624,10.60380363464,6380.52084698965
484,20.03999999166,3.000004053116,10.25067813308,10.60416030884,6380.735464993442
485,20.1400000006,2.999989271164,10.25069291503,10.59975147247,6378.082579921349
486,20.23999999464,2.999987602234,10.25069458396,10.59636592865,6376.045430454403
487,20.33999998868,2.999977350235,10.25070483596,10.59302997589,6374.03812092066
488,20.43999999762,3.00001168251,10.25067050368,10.59309005737,6374.074273149508
489,20.53999999166,3.000024318695,10.2506578675,10.59018516541,6372.32634152538
490,20.6400000006,3.000000715256,10.25068147094,10.5884513855,6371.283091457668
491,20.73999999464,3.000005722046,10.25067646415,10.58581542969,6369.69698409686
492,20.83999998868,3.000026702881,10.25065548331,10.584400177,6368.84539823169
493,20.93999999762,3.000014543533,10.25066764266,10.58108234406,6366.84899175625
494,21.03999999166,3.000026464462,10.25065572173,10.57792568207,6364.949565066726
495,21.1400000006,2.999999284744,10.25068290145,10.57824707031,6365.142950802257
496,21.23999999464,2.999998569489,10.2506836167,10.57456111908,6362.925040185054
497,21.33999998868,2.999989032745,10.25069315345,10.57330417633,6362.16871257883
498,21.43999999762,3.000016927719,10.25066525847,10.57392311096,6362.541137931628
499,21.53999999166,2.99999332428,10.25068886191,10.57204627991,6361.411811130283
500,21.6400000006,2.999997854233,10.25068433196,10.56939983368,6359.819391473832
501,21.73999999464,3.000026464462,10.25065572173,10.56826972961,6359.139385239621
502,21.83999998868,2.999994754791,10.2506874314,10.56386852264,6356.491090930184
503,21.93999999762,3.000011444092,10.2506707421,10.5612487793,6354.914738937016
504,22.03999999166,2.999982357025,10.25069982917,10.56341552734,6356.218514592973
505,22.1400000006,3.000018596649,10.25066358954,10.56017684937,6354.269737247007
506,22.23999999464,3.000023841858,10.25065834433,10.55556774139,6351.496344739402
507,22.33999998868,3.000010251999,10.25067193419,10.55206775665,6349.390333880736
508,22.43999999762,3.000005245209,10.25067694098,10.55197048187,6349.331801698978
509,22.53999999166,3.000011444092,10.2506707421,10.55346298218,6350.229869002957
510,22.6400000006,3.000019073486,10.2506631127,10.55078125,6348.616217084259
511,22.73999999464,2.999989509583,10.25069267661,10.54679203033,6346.215823777794
512,22.83999998868,3.000008583069,10.25067360312,10.54246997833,6343.615158597831
513,22.93999999762,3.000056028366,10.25062615782,10.54306983948,6343.976107056021
514,23.03999999166,2.999991178513,10.25069100768,10.54266262054,6343.731075270684
515,23.1400000006,2.999977111816,10.25070507437,10.53947353363,6341.81213785792
516,23.23999999464,2.999994516373,10.25068766982,10.53716373444,6340.422285462313
517,23.33999998868,3.000002861023,10.25067932517,10.53357219696,6338.261185487863
518,23.43999999762,3.000047683716,10.25063450248,10.53215885162,6337.410747313357
519,23.53999999166,3.000005960464,10.25067622573,10.53067779541,6336.5195661533635
520,23.6400000006,3.000001430511,10.25068075568,10.53059196472,6336.467920109572
521,23.73999999464,2.999987840652,10.25069434554,10.52868461609,6335.320230269634
522,23.83999998868,3.000017404556,10.25066478163,10.52785110474,6334.818689810368
523,23.93999999762,2.999986410141,10.25069577605,10.52282142639,6331.792231694811
524,24.03999999166,3.000009298325,10.25067288787,10.52243709564,6331.560972191429
525,24.1400000006,2.999978065491,10.2507041207,10.5232591629,6332.055626512726
526,24.23999999464,2.999985456467,10.25069672972,10.51649093628,6327.983049111821
527,24.33999998868,2.999984741211,10.25069744498,10.51593208313,6327.646775987871
528,24.43999999762,3.000000238419,10.25068194777,10.51478767395,6326.958162082703
529,24.53999999166,2.999997854233,10.25068433196,10.51257705688,6325.627989553502
530,24.6400000006,2.999996185303,10.25068600089,10.51259326935,6325.63774492114
531,24.73999999464,2.999988794327,10.25069339186,10.50960826874,6323.841610319197
532,24.83999998868,2.999994754791,10.2506874314,10.50856399536,6323.213250128776
533,24.93999999762,2.999997854233,10.25068433196,10.50636100769,6321.887668362232
534,25.03999999166,2.999982833862,10.25069935233,10.50375366211,6320.318776349355
535,25.1400000006,2.999994516373,10.25068766982,10.50073719025,6318.503704866494
536,25.23999999464,3.000024557114,10.25065762908,10.50209140778,6319.318564654477
537,25.33999998868,3.000003099442,10.25067908675,10.49734687805,6316.463686169879
538,25.43999999762,2.999981403351,10.25070078284,10.49645042419,6315.924271942761
539,25.53999999166,3.000011920929,10.25067026526,10.49476909637,6314.912583347256
540,25.6400000006,3.000016212463,10.25066597373,10.49335956573,6314.064440554079
541,25.73999999464,2.999995231628,10.25068695456,10.49559402466,6315.408959207559
542,25.83999998868,2.999999284744,10.25068290145,10.49251461029,6313.556013956845
543,25.93999999762,3.000019788742,10.25066239745,10.48876571655,6311.30022957179
544,26.03999999166,2.999997138977,10.25068504721,10.48614215851,6309.721582197292
545,26.1400000006,2.999974489212,10.25070769698,10.48446655273,6308.7133366677635
546,26.23999999464,3.000011205673,10.25067098052,10.48298549652,6307.822155507769
547,26.33999998868,3.000001430511,10.25068075568,10.48223018646,6307.367670329637
548,26.43999999762,3.000005245209,10.25067694098,10.47847175598,6305.106147497277
549,26.53999999166,3.000012874603,10.25066931159,10.47547721863,6303.304274448029
550,26.6400000006,3.000004053116,10.25067813308,10.47553920746,6303.341574367542
551,26.73999999464,2.99996972084,10.25071246535,10.47635936737,6303.835080998175
552,26.83999998868,2.999992132187,10.250690054,10.47225189209,6301.363530924678
553,26.93999999762,2.999982833862,10.25069935233,10.47227573395,6301.377877048956
554,27.03999999166,3.000028610229,10.25065357596,10.46739387512,6298.440364896702
555,27.1400000006,2.999992132187,10.250690054,10.46832180023,6298.998716004738
556,27.23999999464,3.000001430511,10.25068075568,10.46364593506,6296.185154359987
557,27.33999998868,3.000007629395,10.2506745568,10.4641122818,6296.465764525831
558,27.43999999762,2.999995231628,10.25068695456,10.46276473999,6295.654921652165
559,27.53999999166,2.999993085861,10.25068910033,10.45941543579,6293.639578289789
560,27.6400000006,2.999978780746,10.25070340544,10.45908737183,6293.442175639943
561,27.73999999464,2.999981164932,10.25070102126,10.45969200134,6293.805993315768
562,27.83999998868,3.000006198883,10.25067598731,10.45508575439,6291.034322347169
563,27.93999999762,2.999972343445,10.25070984275,10.45498847961,6290.97579016541
564,28.03999999166,3.000000238419,10.25068194777,10.45060062408,6288.335529684607
565,28.1400000006,3.00001001358,10.25067217261,10.44867324829,6287.175789101718
566,28.23999999464,2.999994277954,10.25068790824,10.44787025452,6286.692611681046
567,28.33999998868,2.999998569489,10.2506836167,10.44616985321,6285.6694461849165
568,28.43999999762,3.000011205673,10.25067098052,10.44357585907,6284.108588000673
569,28.53999999166,3.000014305115,10.25066788108,10.44418716431,6284.476422596831
570,28.6400000006,3.000013589859,10.25066859633,10.44083881378,6282.461653076779
571,28.73999999464,3.000023603439,10.25065858275,10.4411687851,6282.660203423307
572,28.83999998868,3.000035524368,10.25064666182,10.44017410278,6282.061683166089
573,28.93999999762,3.00003194809,10.2506502381,10.43732357025,6280.3464606988155
574,29.03999999166,3.000025272369,10.25065691382,10.43678379059,6280.021664475491
575,29.1400000006,3.00000500679,10.2506771794,10.43423652649,6278.488924691463
576,29.23999999464,3.000013113022,10.25066907317,10.43259620667,6277.501911430198
577,29.33999998868,2.999988555908,10.25069363028,10.43177223206,6277.0061094182365
578,29.43999999762,3.000014781952,10.25066740424,10.43068218231,6276.350204669925
579,29.53999999166,3.000021219254,10.25066096694,10.42651748657,6273.844223900568
580,29.6400000006,3.000004053116,10.25067813308,10.42635440826,6273.746096417968
581,29.73999999464,3.000025033951,10.25065715224,10.42459964752,6272.690221764982
582,29.83999998868,3.000036001205,10.25064618499,10.422498703,6271.42604140385
583,29.93999999762,2.99999833107,10.25068385512,10.42275524139,6271.580405686879
584,30.03999999166,2.999990940094,10.2506912461,10.42031097412,6270.109641156602
585,30.1400000006,3.0,10.25068218619,10.41614627838,6267.603660387245
586,30.23999999464,2.999983787537,10.25069839865,10.41670036316,6267.937064287545
587,30.33999998868,2.999978065491,10.2507041207,10.41491985321,6266.865695819617
588,30.43999999762,3.00000333786,10.25067884833,10.4117193222,6264.939872262867
589,30.53999999166,3.000000715256,10.25068147094,10.41103363037,6264.527277766903
590,30.6400000006,3.00000166893,10.25068051726,10.41069221497,6264.321841288425
591,30.73999999464,2.999970197678,10.25071198851,10.41060447693,6264.269047553971
592,30.83999998868,2.999955654144,10.25072653205,10.40759086609,6262.455697604098
593,30.93999999762,3.000013113022,10.25066907317,10.4090461731,6263.331384955167
594,31.03999999166,3.000021696091,10.2506604901,10.40299797058,6259.692060464131
595,31.1400000006,2.999997377396,10.2506848088,10.40034484863,6258.095623893364
596,31.23999999464,3.000010490417,10.25067169577,10.4002866745,6258.06061935518
597,31.33999998868,2.99998831749,10.2506938687,10.39904689789,6257.314620958919
598,31.43999999762,3.000052452087,10.2506297341,10.39921760559,6257.417339198158
599,31.53999999166,2.999998092651,10.25068409354,10.39752960205,6256.401633688337
600,31.6400000006,2.999985933304,10.25069625289,10.3931684494,6253.777440864798
601,31.73999999464,3.000010728836,10.25067145736,10.39247703552,6253.3614032968435
602,31.83999998868,2.999977350235,10.25070483596,10.39077663422,6252.33823780673
603,31.93999999762,3.000026226044,10.25065596015,10.39210700989,6253.138751470434
604,32.03999999166,3.000001907349,10.25068027884,10.38825893402,6250.823287212955
605,32.1400000006,3.000010728836,10.25067145736,10.38759326935,6250.422743459942
606,32.23999999464,3.000026941299,10.25065524489,10.38449954987,6248.561190538271
607,32.33999998868,3.000015258789,10.2506669274,10.38452243805,6248.574962814208
608,32.43999999762,2.999994039536,10.25068814666,10.38231754303,6247.248233357
609,32.53999999166,3.000002145767,10.25068004042,10.38143062592,6246.714557583203
610,32.6400000006,3.000000953674,10.25068123252,10.37910938263,6245.31781904361
611,32.73999999464,2.99998497963,10.25069720656,10.3765668869,6243.787948483233
612,32.83999998868,2.999996185303,10.25068600089,10.37672805786,6243.884928275168
613,32.93999999762,2.999978065491,10.2507041207,10.37358093262,6241.991240038967
614,33.03999999166,3.000006198883,10.25067598731,10.37455368042,6242.576561856555
615,33.1400000006,2.999986886978,10.25069529921,10.3722114563,6241.167198731689
616,33.23999999464,2.999987363815,10.25069482238,10.36606025696,6237.465898992919
617,33.33999998868,2.999997854233,10.25068433196,10.36676692963,6237.8911180801715
618,33.43999999762,2.999977111816,10.25070507437,10.37152290344,6240.752882696721
619,33.53999999166,2.999999761581,10.25068242461,10.3683423996,6238.839109888936
620,33.6400000006,3.000009298325,10.25067288787,10.36344623566,6235.892990065726
621,33.73999999464,3.000025987625,10.25065619857,10.36377906799,6236.093261939224
622,33.83999998868,2.999970674515,10.25071151168,10.36534976959,6237.038384524337
623,33.93999999762,2.999984264374,10.25069792182,10.36194133759,6234.987462781453
624,34.03999999166,3.000018358231,10.25066382796,10.35957431793,6233.56317968397
625,34.1400000006,3.000009775162,10.25067241103,10.35972881317,6233.656142561587
626,34.23999999464,3.000010967255,10.25067121894,10.3578453064,6232.5227988459255
627,34.33999998868,3.000004768372,10.25067741782,10.35569095612,6231.226483170261
628,34.43999999762,3.000015735626,10.25066645056,10.35554504395,6231.138684897623
629,34.53999999166,2.999980211258,10.25070197493,10.35467338562,6230.614190637106
630,34.6400000006,3.000001907349,10.25068027884,10.35001850128,6227.813253577627
631,34.73999999464,2.99996471405,10.25071747214,10.35120201111,6228.52539512637
632,34.83999998868,2.999998092651,10.25068409354,10.35077667236,6228.269460288748
633,34.93999999762,3.000001907349,10.25068027884,10.34845352173,6226.8715740645075
634,35.03999999166,2.99999833107,10.25068385512,10.34785556793,6226.511773296982
635,35.1400000006,2.999979496002,10.25070269019,10.34477710724,6224.659401894609
636,35.23999999464,3.000007629395,10.2506745568,10.34511566162,6224.8631168401
637,35.33999998868,3.000013828278,10.25066835791,10.34193134308,6222.947048650988
638,35.43999999762,2.999999523163,10.25068266303,10.34189510345,6222.9252425404
639,35.53999999166,2.999989271164,10.25069291503,10.34248828888,6223.282174084275
640,35.6400000006,2.999998569489,10.2506836167,10.33985710144,6221.69893594712
641,35.73999999464,3.000008106232,10.25067407996,10.34286785126,6223.5105643640045
642,35.83999998868,3.000028371811,10.25065381438,10.33547210693,6219.060396999304
643,35.93999999762,2.999998569489,10.2506836167,10.33214950562,6217.061121300211
644,36.03999999166,2.999975919724,10.25070626647,10.33197402954,6216.955533831302
645,36.1400000006,3.000030755997,10.25065143019,10.3298625946,6215.685041174524
646,36.23999999464,3.000003814697,10.25067837149,10.33228588104,6217.143181119528
647,36.33999998868,2.999991893768,10.25069029242,10.33099746704,6216.367916632386
648,36.43999999762,2.999995470047,10.25068671614,10.32636451721,6213.580178006521
649,36.53999999166,3.000000476837,10.25068170935,10.32172679901,6210.789570157004
650,36.6400000006,2.999987363815,10.25069482238,10.32632732391,6213.557798053611
651,36.73999999464,3.000011205673,10.25067098052,10.32655143738,6213.692651613399
652,36.83999998868,3.000019550323,10.25066263587,10.32326221466,6211.713460479871
653,36.93999999762,3.00003361702,10.25064856917,10.31979465485,6209.626960350463
654,37.03999999166,3.000026226044,10.25065596015,10.32064342499,6210.137682329026
655,37.1400000006,2.99999833107,10.25068385512,10.32077026367,6210.214003701038
656,37.23999999464,2.999969482422,10.25071270377,10.31864261627,6208.933755682639
657,37.33999998868,3.000007867813,10.25067431838,10.31992912292,6209.707872479115
658,37.43999999762,3.000028371811,10.25065381438,10.31366634369,6205.9394328876315
659,37.53999999166,2.999970674515,10.25071151168,10.31415939331,6206.236110710741
660,37.6400000006,3.0,10.25068218619,10.31655788422,6207.679330689143
661,37.73999999464,2.999992132187,10.250690054,10.31531620026,6206.932184602218
662,37.83999998868,2.999979257584,10.25070292861,10.31195831299,6204.911676634862
663,37.93999999762,2.999958276749,10.25072390944,10.30778121948,6202.398235879195
664,38.03999999166,3.000020980835,10.25066120536,10.30797863007,6202.517021781718
665,38.1400000006,2.999996185303,10.25068600089,10.30639839172,6201.566160743283
666,38.23999999464,3.000016450882,10.25066573531,10.30786705017,6202.449881922985
667,38.33999998868,2.999982118607,10.25070006758,10.30446338654,6200.401829403754
668,38.43999999762,3.000007390976,10.25067479522,10.30288791656,6199.4538375889715
669,38.53999999166,3.000014543533,10.25066764266,10.30099487305,6198.314755426006
670,38.6400000006,3.000024795532,10.25065739066,10.29937362671,6197.3392190593495
671,38.73999999464,3.000009536743,10.25067264945,10.30031299591,6197.904456305354
672,38.83999998868,3.000006437302,10.25067574889,10.29820728302,6196.637406720569
673,38.93999999762,3.000015974045,10.25066621215,10.29566287994,6195.106388469528
674,39.03999999166,3.000007390976,10.25067479522,10.29177379608,6192.766248883827
675,39.1400000006,3.000032424927,10.25064976126,10.29322338104,6193.638493162904
676,39.23999999464,2.999985218048,10.25069696814,10.29586315155,6195.226895905038
677,39.33999998868,3.00000166893,10.25068051726,10.29259777069,6193.262050895788
678,39.43999999762,3.000023841858,10.25065834433,10.29194736481,6192.870688662071
679,39.53999999166,2.999992847443,10.25068933875,10.28655052185,6189.6233002530935
680,39.6400000006,3.000031232834,10.25065095336,10.28747844696,6190.181651361129
681,39.73999999464,3.000006914139,10.25067527205,10.2881565094,6190.589655100453
682,39.83999998868,2.999988079071,10.25069410712,10.28743457794,6190.155254493902
683,39.93999999762,3.000024080276,10.25065810591,10.2844619751,6188.366579878269
684,40.03999999166,3.000013113022,10.25066907317,10.28197860718,6186.8722877044165
685,40.1400000006,2.999990463257,10.25069172293,10.2805185318,6185.993731129696
686,40.23999999464,3.000019311905,10.25066287429,10.27933216095,6185.2798680479655
687,40.33999998868,3.000034332275,10.25064785392,10.28193187714,6186.844169304202
688,40.43999999762,2.99998998642,10.25069219977,10.27505970001,6182.709042801206
689,40.53999999166,3.000017166138,10.25066502005,10.27485275269,6182.584518457396
690,40.6400000006,2.999997138977,10.25068504721,10.27283382416,6181.369688758724
691,40.73999999464,3.000018119812,10.25066406638,10.27229976654,6181.048335601375
692,40.83999998868,2.999991178513,10.25069100768,10.27285003662,6181.3794441203445
693,40.93999999762,3.000013828278,10.25066835791,10.26977157593,6179.527072717971
694,41.03999999166,2.999991416931,10.25069076926,10.26738262177,6178.089591192891
695,41.1400000006,3.000003814697,10.25067837149,10.26601696014,6177.267845260923
696,41.23999999464,3.000025033951,10.25065715224,10.26535797119,6176.871318422226
697,41.33999998868,3.000010967255,10.25067121894,10.26421451569,6176.1832783654
698,41.43999999762,3.00000333786,10.25067884833,10.26348304749,6175.743139311545
699,41.53999999166,3.000001907349,10.25068027884,10.26171684265,6174.680378514574
700,41.6400000006,3.000011920929,10.25067026526,10.26127815247,6174.416409854336
701,41.73999999464,3.000005722046,10.25067646415,10.26113605499,6174.3309069570105
702,41.83999998868,3.000004529953,10.25067765624,10.25977706909,6173.513177945375
703,41.93999999762,3.000016212463,10.25066597373,10.26172637939,6174.686116961878
704,42.03999999166,2.999993085861,10.25068910033,10.25671005249,6171.667692680971
705,42.1400000006,2.999980926514,10.25070125968,10.25527095795,6170.80176069754
706,42.23999999464,2.999995708466,10.25068647773,10.25481510162,6170.527462821324
707,42.33999998868,3.00000834465,10.25067384154,10.256690979,6171.6562157803455
708,42.43999999762,3.000017881393,10.2506643048,10.25374794006,6169.885330354966
709,42.53999999166,2.999991893768,10.25069029242,10.25426292419,6170.195206611689
710,42.6400000006,3.000004768372,10.25067741782,10.25206565857,6168.8730679171385
711,42.73999999464,2.999987602234,10.25069458396,10.24784374237,6166.332656451921
712,42.83999998868,3.000026702881,10.25065548331,10.24934482574,6167.235888354865
713,42.93999999762,3.000003814697,10.25067837149,10.24650287628,6165.525830492572
714,43.03999999166,2.999972581863,10.25070960433,10.24632740021,6165.420243029681
715,43.1400000006,3.000025033951,10.25065715224,10.24482059479,6164.513568054745
716,43.23999999464,2.999988079071,10.25069410712,10.24036693573,6161.8337122731
717,43.33999998868,2.999997615814,10.25068457038,10.24369430542,6163.835857201862
718,43.43999999762,2.999983787537,10.25069839865,10.24345111847,6163.689526747466
719,43.53999999166,2.999998569489,10.2506836167,10.24182033539,6162.708251933505
720,43.6400000006,2.999965190887,10.2507169953,10.23981189728,6161.499734530477
721,43.73999999464,2.999993562698,10.25068862349,10.2402639389,6161.771737019349
722,43.83999998868,2.99998998642,10.25069219977,10.23636436462,6159.425285138002
723,43.93999999762,3.000000238419,10.25068194777,10.23732280731,6160.001999284634
724,44.03999999166,3.000011920929,10.25067026526,10.23451328278,6158.311452151599
725,44.1400000006,2.99999666214,10.25068552405,10.23297119141,6157.383544914416
726,44.23999999464,3.000009775162,10.25067241103,10.23312187195,6157.474212410707
727,44.33999998868,3.000016927719,10.25066525847,10.23526573181,6158.764215790727
728,44.43999999762,3.000019073486,10.2506631127,10.23206138611,6156.836096858666
729,44.53999999166,3.000007152557,10.25067503363,10.22987174988,6155.518548920753
730,44.6400000006,3.000000238419,10.25068194777,10.22745609283,6154.06499973239
731,44.73999999464,2.99999833107,10.25068385512,10.22759532928,6154.148781090711
732,44.83999998868,2.999971389771,10.25071079642,10.2265253067,6153.504927091365
733,44.93999999762,3.000027656555,10.25065452964,10.2230682373,6151.424739251585
734,45.03999999166,3.000009059906,10.25067312629,10.22243690491,6151.0448539184945
735,45.1400000006,2.999982595444,10.25069959075,10.22039699554,6149.817399628533
736,45.23999999464,3.000012397766,10.25066978842,10.21955966949,6149.313563787939
737,45.33999998868,3.000019788742,10.25066239745,10.21982288361,6149.471944991302
738,45.43999999762,3.000010251999,10.25067193419,10.2203950882,6149.816251943886
739,45.53999999166,3.000008106232,10.25067407996,10.21814727783,6148.463699461774
740,45.6400000006,3.000002384186,10.25067980201,10.21660995483,6147.538661448243
741,45.73999999464,2.99998831749,10.2506938687,10.21766757965,6148.175055467296
742,45.83999998868,3.000002384186,10.25067980201,10.21467971802,6146.377199332365
743,45.93999999762,3.000034332275,10.25064785392,10.21252441406,6145.080309808361
744,46.03999999166,3.000019550323,10.25066263587,10.21376037598,6145.82401282931
745,46.1400000006,2.99999833107,10.25068385512,10.21216583252,6144.86454411992
746,46.23999999464,3.000004529953,10.25067765624,10.20749568939,6142.054425541144
747,46.34000000358,2.999999284744,10.25068290145,10.2088766098,6142.885352986392
748,46.43999999762,3.000017642975,10.25066454322,10.20902824402,6142.976594331023
749,46.53999999166,3.000026941299,10.25065524489,10.20700550079,6141.759469251022
750,46.6400000006,3.000013828278,10.25066835791,10.20559310913,6140.9096049248565
751,46.73999999464,3.000042676926,10.25063950927,10.20463371277,6140.332316935903
752,46.83999998868,2.999981164932,10.25070102126,10.20289230347,6139.284476111549
753,46.93999999762,3.000002145767,10.25068004042,10.20592689514,6141.110450646695
754,47.03999999166,3.000001192093,10.2506809941,10.20178699493,6138.619389843941
755,47.1400000006,3.000010251999,10.25067193419,10.20105934143,6138.181546171414
756,47.23999999464,3.000005483627,10.25067670256,10.19996833801,6137.525067580779
757,47.33999998868,3.000016927719,10.25066525847,10.19893360138,6136.90244584368
758,47.43999999762,2.999997615814,10.25068457038,10.19854640961,6136.669464807309
759,47.53999999166,2.999994277954,10.25068790824,10.19597911835,6135.124674280331
760,47.6400000006,3.000019073486,10.2506631127,10.19420528412,6134.0573227267205
761,47.73999999464,2.999992132187,10.250690054,10.19381999969,6133.825489374996
762,47.83999998868,3.000010251999,10.25067193419,10.19246101379,6133.007760363363
763,47.93999999762,2.999976634979,10.25070555121,10.18911361694,6130.993564691651
764,48.03999999166,3.00000333786,10.25067884833,10.19002819061,6131.543881971055
765,48.1400000006,3.000001192093,10.2506809941,10.19025039673,6131.677587840179
766,48.23999999464,2.999995470047,10.25068671614,10.1883764267,6130.549982571821
767,48.33999998868,3.000007390976,10.25067479522,10.18637752533,6129.347203616098
768,48.43999999762,2.999996423721,10.25068576247,10.18577957153,6128.987402848573
769,48.53999999166,2.999979734421,10.25070245177,10.1870880127,6129.77471808468
770,48.6400000006,2.999965190887,10.2507169953,10.18201541901,6126.722436950236
771,48.73999999464,2.999971866608,10.25071031958,10.18381690979,6127.806430003437
772,48.83999998868,3.000047922134,10.25063426406,10.18018722534,6125.622376233753
773,48.93999999762,3.000012159348,10.25067002684,10.17974567413,6125.356686034511
774,49.03999999166,2.999996900558,10.25068528563,10.18101978302,6126.123342850696
775,49.1400000006,3.000012636185,10.25066955001,10.17809963226,6124.366229701253
776,49.23999999464,3.000005722046,10.25067646415,10.17610454559,6123.165746126859
777,49.33999998868,2.99999833107,10.25068385512,10.17386245728,6121.816636722757
778,49.43999999762,3.000015497208,10.25066668898,10.17405033112,6121.929684171957
779,49.53999999166,3.000000715256,10.25068147094,10.17330265045,6121.479789750464
780,49.6400000006,2.99999666214,10.25068552405,10.17187690735,6120.621891595667
781,49.73999999464,2.999982357025,10.25069982917,10.17213630676,6120.777977411684
782,49.83999998868,3.000021934509,10.25066025168,10.16977977753,6119.3600066158615
783,49.93999999762,2.999991416931,10.25069076926,10.16868877411,6118.703528025226
784,50.03999999166,3.000023126602,10.25065905959,10.16834640503,6118.497517698406
785,50.1400000006,3.000014305115,10.25066788108,10.16830253601,6118.471120831178
786,50.23999999464,3.000023126602,10.25065905959,10.16467952728,6116.291083975812
787,50.33999998868,3.000006437302,10.25067574889,10.16659641266,6117.444512269073
788,50.43999999762,2.999996185303,10.25068600089,10.16471290588,6116.311168547394
789,50.53999999166,2.999996185303,10.25068600089,10.16432094574,6116.075318287371
790,50.6400000006,2.999992132187,10.250690054,10.16366004944,6115.67764375801
791,50.73999999464,3.000015974045,10.25066621215,10.16160774231,6114.442729487755
792,50.83999998868,2.999980211258,10.25070197493,10.16040325165,6113.71796335374
793,50.93999999762,3.000033378601,10.25064880759,10.15878200531,6112.7424269870835
794,51.03999999166,3.000005960464,10.25067622573,10.15752315521,6111.984951690197
795,51.1400000006,3.000030517578,10.25065166861,10.15677547455,6111.535057274721
796,51.23999999464,3.00001335144,10.25066883475,10.15461158752,6110.233003145734
797,51.33999998868,3.0,10.25068218619,10.15447235107,6110.149221787413
798,51.43999999762,2.999998569489,10.2506836167,10.15213871002,6108.745023267527
799,51.53999999166,2.999973297119,10.25070888907,10.15346336365,6109.542093865255
800,51.6400000006,2.999995708466,10.25068647773,10.15246105194,6108.938982851398
801,51.73999999464,3.0,10.25068218619,10.15256500244,6109.001531947472
802,51.83999998868,3.000013113022,10.25066907317,10.14927101135,6107.0194715902935
803,51.93999999762,2.999973535538,10.25070865065,10.1472454071,6105.800624977304
804,52.03999999166,2.999989271164,10.25069291503,10.14967441559,6107.262207994302
805,52.1400000006,3.000013113022,10.25066907317,10.14842510223,6106.510471144718
806,52.23999999464,2.999969244003,10.25071294219,10.14570236206,6104.872143897798
807,52.33999998868,2.999987840652,10.25069434554,10.14431667328,6104.038347228899
808,52.43999999762,3.000002622604,10.25067956359,10.14417362213,6103.952270489248
809,52.53999999166,2.999997377396,10.2506848088,10.14397239685,6103.831189211414
810,52.6400000006,2.999997138977,10.25068504721,10.14590930939,6104.996668247624
811,52.73999999464,2.999999523163,10.25068266303,10.14033794403,6101.644266218079
812,52.83999998868,2.999978780746,10.25070340544,10.1391582489,6100.934420050665
813,52.93999999762,3.000009536743,10.25067264945,10.14061450958,6101.810681244058
814,53.03999999166,3.000000715256,10.25068147094,10.14016819,6101.542121821163
815,53.1400000006,3.000010251999,10.25067193419,10.14197063446,6102.626688722704
816,53.23999999464,3.000010251999,10.25067193419,10.13519382477,6098.548946716819
817,53.33999998868,2.999998807907,10.25068337828,10.1369600296,6099.611707507773
818,53.43999999762,2.999991416931,10.25069076926,10.13674736023,6099.4837400919705
819,53.53999999166,3.00000333786,10.25067884833,10.13598060608,6099.02236877587
820,53.6400000006,3.000010251999,10.25067193419,10.13437747955,6098.057735461498
821,53.73999999464,3.000009775162,10.25067241103,10.13206672668,6096.66730921755
822,53.83999998868,2.999977350235,10.25070483596,10.13100528717,6096.028619823184
823,53.93999999762,3.0,10.25068218619,10.13081645966,6095.91499853166
824,54.03999999166,2.999995231628,10.25068695456,10.131524086,6096.340791461237
825,54.1400000006,3.000028133392,10.2506540528,10.12717247009,6093.722337085003
826,54.23999999464,2.999981880188,10.250700306,10.12376594543,6091.6725630267665
827,54.33999998868,2.999976873398,10.25070531279,10.12265300751,6091.002886008534
828,54.43999999762,3.000011205673,10.25067098052,10.12675571442,6093.4715668583785
829,54.53999999166,3.000004053116,10.25067813308,10.12540531158,6092.659002445708
830,54.6400000006,2.999993085861,10.25068910033,10.12371253967,6091.640427712236
831,54.73999999464,2.999999761581,10.25068242461,10.12093734741,6089.970538993108
832,54.83999998868,3.000026226044,10.25065596015,10.12079238892,6089.88331456881
833,54.93999999762,2.999989032745,10.25069315345,10.12301158905,6091.218651696975
834,55.03999999166,2.999980926514,10.25070125968,10.11943531036,6089.066733241823
835,55.1400000006,3.000030994415,10.25065119178,10.11733436584,6087.802552880689
836,55.23999999464,2.999994277954,10.25068790824,10.11619853973,6087.119103580503
837,55.33999998868,3.000021219254,10.25066096694,10.11452007294,6086.109136524004
838,55.43999999762,2.999993562698,10.25068862349,10.11641788483,6087.251087916639
839,55.53999999166,3.000007390976,10.25067479522,10.1150188446,6086.409257413089
840,55.6400000006,3.000000953674,10.25068123252,10.10996055603,6083.3655839556195
841,55.73999999464,3.000019073486,10.2506631127,10.11063194275,6083.769570780626
842,55.83999998868,2.999957799911,10.25072438628,10.1122379303,6084.735925627985
843,55.93999999762,2.999967813492,10.2507143727,10.11368942261,6085.609317597726
844,56.03999999166,3.000012397766,10.25066978842,10.10747528076,6081.870144091103
845,56.1400000006,2.999979972839,10.25070221335,10.10537338257,6080.605389887647
846,56.23999999464,2.999991178513,10.25069100768,10.10717105865,6081.687087559518
847,56.33999998868,3.000023603439,10.25065858275,10.1074256897,6081.8403041579
848,56.43999999762,3.000019073486,10.2506631127,10.10620975494,6081.108651879899
849,56.53999999166,2.999973297119,10.25070888907,10.10451126099,6080.0866340804505
850,56.6400000006,3.000004529953,10.25067765624,10.10220432281,6078.698503211814
851,56.73999999464,2.99996972084,10.25071246535,10.10271072388,6079.003214869574
852,56.83999998868,3.00000166893,10.25068051726,10.10459899902,6080.139427808888
853,56.93999999762,2.999997854233,10.25068433196,10.10216140747,6078.672680192927
854,57.03999999166,3.000010251999,10.25067193419,10.09799575806,6076.166125581248
855,57.1400000006,3.000022411346,10.25065977484,10.09744262695,6075.833295523273
856,57.23999999464,3.000036716461,10.25064546973,10.10012626648,6077.448095132635
857,57.33999998868,2.999990701675,10.25069148452,10.09915924072,6076.866216381024
858,57.43999999762,3.000002861023,10.25067932517,10.09556674957,6074.704542564251
859,57.53999999166,2.999999284744,10.25068290145,10.09428215027,6073.931573458439
860,57.6400000006,2.999975681305,10.25070650489,10.09606933594,6075.006958840681
861,57.73999999464,2.999974489212,10.25070769698,10.09326839447,6073.321576306612
862,57.83999998868,3.000002622604,10.25067956359,10.09311103821,6073.226891896006
863,57.93999999762,2.999983310699,10.25069887549,10.09121417999,6072.085514345694
864,58.03999999166,3.000014781952,10.25066740424,10.09094429016,6071.92311623403
865,58.1400000006,2.999957084656,10.25072510154,10.09117126465,6072.059691326807
866,58.23999999464,2.999998807907,10.25068337828,10.09136772156,6072.177903380988
867,58.33999998868,3.000002145767,10.25068004042,10.09184741974,6072.466547375466
868,58.43999999762,2.999975919724,10.25070626647,10.08798694611,6070.143623137695
869,58.53999999166,3.000005722046,10.25067646415,10.08771038055,6069.977208105699
870,58.6400000006,3.000000715256,10.25068147094,10.0873260498,6069.745948602315
871,58.73999999464,3.000008106232,10.25067407996,10.08569431305,6068.764099946032
872,58.83999998868,3.000005960464,10.25067622573,10.08758068085,6069.899165200698
873,58.93999999762,3.000000238419,10.25068194777,10.08541679382,6068.597111071712
874,59.03999999166,2.999987125397,10.25069506079,10.08106803894,6065.980378234483
875,59.1400000006,2.999992609024,10.25068957717,10.0809879303,6065.932175262686
876,59.23999999464,2.999985218048,10.25069696814,10.08057785034,6065.68542194436
877,59.33999998868,2.999975204468,10.25070698172,10.08062839508,6065.715835725905
878,59.43999999762,3.000017404556,10.25066478163,10.07912445068,6064.810882283957
879,59.53999999166,2.999987840652,10.25069434554,10.07835578918,6064.34836327719
880,59.6400000006,3.000016927719,10.25066525847,10.07756328583,6063.871498152164
881,59.73999999464,3.000009298325,10.25067288787,10.07799339294,6064.130302207422
882,59.83999998868,3.000024318695,10.2506578675,10.07740879059,6063.778535274547
883,59.93999999762,3.000004291534,10.25067789466,10.07410812378,6061.792458003049
884,60.03999999166,3.000003814697,10.25067837149,10.07363033295,6061.504961699236
885,60.1400000006,2.999973535538,10.25070865065,10.07148742676,6060.21553216154
886,60.23999999464,2.999979257584,10.25070292861,10.07124423981,6060.069201707143
887,60.33999998868,3.000016689301,10.25066549689,10.06925582886,6058.872735047065
888,60.43999999762,3.00000500679,10.2506771794,10.06876468658,6058.577204908603
889,60.53999999166,2.999999284744,10.25068290145,10.06839752197,6058.356274615182
890,60.6400000006,2.999989509583,10.25069267661,10.06670188904,6057.335978348721
891,60.73999999464,2.999979972839,10.25070221335,10.06649684906,6057.212601689558
892,60.83999998868,2.999992609024,10.25068957717,10.06561660767,6056.682942830078
893,60.93999999762,3.000002384186,10.25067980201,10.06465339661,6056.103359459795
894,61.03999999166,3.000005722046,10.25067646415,10.06264209747,6054.893120517763
895,61.1400000006,2.999997854233,10.25068433196,10.06292057037,6055.0606832344065
896,61.23999999464,3.000019788742,10.25066239745,10.06066608429,6053.704113843995
897,61.33999998868,2.99998998642,10.25069219977,10.06074237823,6053.750021434464
898,61.43999999762,2.999990940094,10.2506912461,10.05948543549,6052.993693834258
899,61.53999999166,3.000013828278,10.25066835791,10.05872917175,6052.538634807785
900,61.62699998915,2.999986886978,10.25069529921,10.06040859222,6053.549175712625
901,61.62799999118,2.999981880188,10.250700306,10.0604352951,6053.56524336989
902,61.63099999726,2.999978542328,10.25070364386,10.06028175354,6053.472854340612
903,61.7309999913,2.999918937683,10.25076324851,10.05590438843,6050.838906155453
904,61.80900000036,2.989792585373,10.26088960082,10.05150222778,6048.190037997676
905,61.82999999821,2.979694128036,10.27098805815,10.00616836548,6020.911745844586
906,61.8409999907,2.969545125961,10.28113706023,9.938632965088,5980.274343931252
907,61.84899999201,2.958978414536,10.29170377166,9.882328033447,5946.394539806047
908,61.8559999913,2.948487997055,10.30219418914,9.814853668213,5905.793863968697
909,61.86249999702,2.938142538071,10.31253964812,9.744358062744,5863.375247421826
910,61.86900000274,2.927488088608,10.32319409758,9.66858291626,5817.7798253936935
911,61.87549999356,2.916692256927,10.33398992926,9.594441413879,5773.167399714315
912,61.88199999928,2.906167507172,10.34451467902,9.522206306458,5729.7020900325515
913,61.88899999857,2.89569234848,10.35498983771,9.455861091614,5689.780846581073
914,61.89699999988,2.885453701019,10.36522848517,9.369160652161,5637.611457139921
915,61.90549999475,2.875253200531,10.37542898566,9.287007331848,5588.178160280845
916,61.91399998963,2.864842891693,10.3858392945,9.209736824036,5541.682949416948
917,61.92199999094,2.854623317719,10.39605886847,9.135731697083,5497.1525835616985
918,61.92999999225,2.843995571136,10.40668661505,9.053700447083,5447.792738852788
919,61.9375,2.83331823349,10.4173639527,8.973805427551,5399.718306766053
920,61.94449999928,2.822820186615,10.42786199958,8.90367603302,5357.520046669077
921,61.95149999857,2.812455654144,10.43822653205,8.833516120911,5315.303423534709
922,61.95899999142,2.802129268646,10.44855291754,8.757710456848,5269.689638468584
923,61.96750000119,2.791635036469,10.45904714972,8.681874275208,5224.057490365669
924,61.97699999809,2.781453609467,10.46922857672,8.607029914856,5179.022140979764
925,61.98849999905,2.771365642548,10.47931654364,8.531987190247,5133.867431850818
926,62.00199998915,2.761033535004,10.48964865119,8.445805549622,5082.010214046515
927,62.01349999011,2.750945568085,10.49973661811,8.376729011536,5040.445478741932
928,62.02349999547,2.740888118744,10.50979406745,8.310872077942,5000.818043889909
929,62.03299999237,2.730672359467,10.52000982672,8.24596118927,4961.759863199412
930,62.04249998927,2.720433712006,10.53024847419,8.180256843567,4922.224243534946
931,62.05249999464,2.710130214691,10.5405519715,8.111714363098,4880.980861385908
932,62.06299999356,2.700009822845,10.55067236335,8.042714118958,4839.4620336754015
933,62.07400000095,2.689954280853,10.56072790534,7.974155902863,4798.209183085301
934,62.08550000191,2.679521083832,10.57116110236,7.906223773956,4757.333061685283
935,62.0964999944,2.669303417206,10.58137876899,7.841495990753,4718.385059219732
936,62.10699999332,2.659287929535,10.59139425666,7.776783466339,4679.446238272878
937,62.11749999225,2.648995876312,10.60168630988,7.711643695831,4640.250334801348
938,62.12749999762,2.638957262039,10.61172492415,7.645875930786,4600.676554449672
939,62.13749998808,2.62849354744,10.62218863875,7.579072952271,4560.479865436727
940,62.14699999988,2.618289232254,10.63239295394,7.511781692505,4519.989367823723
941,62.15649999678,2.607875108719,10.64280707747,7.446489334106,4480.701649164636
942,62.16599999368,2.597495317459,10.65318686873,7.381349563599,4441.505745693707
943,62.17549999058,2.587367296219,10.66331488997,7.317476272583,4403.071908276907
944,62.18549999595,2.57718205452,10.67350013167,7.252061843872,4363.710737468256
945,62.19599999487,2.566884279251,10.68379790694,7.187852859497,4325.074906639556
946,62.2064999938,2.556756258011,10.69392592818,7.124116897583,4286.723702891616
947,62.21699999273,2.546538591385,10.70414359481,7.061388015747,4248.978479379984
948,62.22749999166,2.536113023758,10.71456916243,6.998918533325,4211.389341686775
949,62.23799999058,2.525626420975,10.72505576522,6.936906814575,4174.075649555634
950,62.24799999595,2.515620470047,10.73506171614,6.877153396606,4138.1208221968345
951,62.25849999487,2.505172014236,10.74551017195,6.815111160278,4100.788767028303
952,62.2689999938,2.494811296463,10.75587088973,6.752702713013,4063.2363554104777
953,62.27949999273,2.484381914139,10.76630027205,6.691316604614,4026.2991055470534
954,62.28999999166,2.473883867264,10.77679831893,6.630449295044,3989.67402732108
955,62.29999999702,2.463881731033,10.78680045516,6.571931838989,3954.46290297962
956,62.31000000238,2.453803300858,10.79687888533,6.514741897583,3920.050570768275
957,62.31999999285,2.443690538406,10.80699164778,6.45733833313,3885.509697294592
958,62.32999999821,2.433642625809,10.81703956038,6.399614334106,3850.776011927101
959,62.33999998868,2.423564195633,10.82711799056,6.342317581177,3816.299409084888
960,62.34999999404,2.413424730301,10.83725745589,6.286317825317,3782.603235334195
961,62.3599999994,2.403342485428,10.84733970076,6.229829788208,3748.6132529846454
962,62.36999998987,2.393321275711,10.85736091048,6.173799514771,3714.898716197163
963,62.37999999523,2.383287191391,10.8673949948,6.11781835556,3681.2137324223236
964,62.39049999416,2.372804403305,10.87787778289,6.059667110443,3646.2229645307584
965,62.40099999309,2.362378835678,10.88830335051,6.001332759857,3611.122018414246
966,62.41149999201,2.352006673813,10.89867551238,5.944051265717,3576.6545970907287
967,62.42199999094,2.341634511948,10.90904767424,5.886800289154,3542.2055388040003
968,62.43249998987,2.33126616478,10.91941602141,5.829427242279,3507.683028367708
969,62.44299998879,2.320848226547,10.92983395964,5.771855831146,3473.0411581877734
970,62.45299999416,2.310830831528,10.93985135466,5.717931270599,3440.5936709850766
971,62.46299999952,2.300744771957,10.94993741423,5.664144039154,3408.228817451241
972,62.47299998999,2.290677785873,10.96000440032,5.61000585556,3375.652788986206
973,62.48299999535,2.280671834946,10.97001035125,5.557744503021,3344.206087325526
974,62.49349999428,2.270227193832,10.98045499236,5.50226354599,3310.8220852122827
975,62.50399999321,2.259786367416,10.99089581877,5.446691036224,3277.382993986266
976,62.51449999213,2.249368429184,11.00131375701,5.391881465912,3244.402978697428
977,62.52499999106,2.238996267319,11.01168591887,5.337865352631,3211.9004023825582
978,62.53549998999,2.228635549545,11.02204663665,5.282018184662,3178.296043819422
979,62.54599998891,2.218202352524,11.03247983367,5.227376461029,3145.417025236234
980,62.55650000274,2.207746267319,11.04293591887,5.173009395599,3112.703273990166
981,62.56649999321,2.197698354721,11.05298383147,5.121678829193,3081.8166449723144
982,62.57649999857,2.187574148178,11.06310803801,5.07111120224,3051.3890918910406
983,62.58649998903,2.177518606186,11.07316358001,5.021871089935,3021.7603309392794
984,62.59699998796,2.167043447495,11.0836387387,4.969808101654,2990.4329890222416
985,62.60750000179,2.156594991684,11.09408719451,4.91908788681,2959.9136207534116
986,62.61800000072,2.14616560936,11.10451657683,4.867055416107,2928.604641873764
987,62.62849999964,2.135675668716,11.11500651747,4.81556224823,2897.620172296882
988,62.63849999011,2.12552857399,11.1251536122,4.768092155457,2869.056467518607
989,62.64849999547,2.115324258804,11.13535792739,4.719431877136,2839.7766042784765
990,62.65850000083,2.105119943619,11.14556224257,4.669520378113,2809.743856502912
991,62.6684999913,2.094946146011,11.15573604018,4.620951652527,2780.519082375556
992,62.67849999666,2.084902048111,11.16578013808,4.572276115417,2751.2300376167295
993,62.68899999559,2.074506998062,11.17617518813,4.521113395691,2720.4444053051297
994,62.69949999452,2.06417298317,11.18650920302,4.470789909363,2690.163756523585
995,62.70999999344,2.053743600845,11.19693858535,4.421229362488,2660.342183678618
996,62.71999999881,2.043672800064,11.20700938613,4.375254631042,2632.678267735505
997,62.72999998927,2.033525705338,11.21715648085,4.329783439636,2605.3173419111477
998,62.73999999464,2.0233938694,11.22728831679,4.283854484558,2577.680970524723
999,62.75,2.013323068619,11.23735911757,4.238627433777,2550.4669490000942
1000,62.76049999893,2.002836465836,11.24784572036,4.191081047058,2521.8573366277396
1001,62.77099999785,1.992388010025,11.25829417617,4.142664909363,2492.72437768794
1002,62.78099998832,1.982324838638,11.26835734755,4.097254753113,2465.400177938364
1003,62.79099999368,1.972193002701,11.27848918349,4.05172252655,2438.002526038623
1004,62.80099999905,1.962045907974,11.28863627822,4.006556510925,2410.825230588776
1005,62.81099998951,1.951933145523,11.29874904067,3.960993766785,2383.4092156522456
1006,62.82149998844,1.94144654274,11.30923564345,3.913371086121,2354.7536956864137
1007,62.83200000226,1.931001901627,11.31968028456,3.866282463074,2326.4195288761266
1008,62.84250000119,1.920545816422,11.33013636977,3.820902824402,2299.1136921639413
1009,62.85300000012,1.910120248795,11.3405619374,3.775599479675,2271.853763045234
1010,62.86349999905,1.899660348892,11.3510218373,3.731455802917,2245.2916293503886
1011,62.87349998951,1.889591097832,11.36109108836,3.690576553345,2220.6937668200635
1012,62.88349999487,1.879516482353,11.37116570384,3.647729873657,2194.91206221734
1013,62.89350000024,1.869415163994,11.3812670222,3.60569190979,2169.6169781078825
1014,62.9034999907,1.859279513359,11.39140267283,3.563684463501,2144.3402570358157
1015,62.91349999607,1.849151492119,11.40153069407,3.521768569946,2119.118625075922
1016,62.92350000143,1.839057803154,11.41162438304,3.479486465454,2093.6766366667352
1017,62.93349999189,1.828945040703,11.42173714549,3.437601089478,2068.473367744834
1018,62.94349999726,1.818771243095,11.4319109431,3.395105361938,2042.9028380727077
1019,62.95350000262,1.808612704277,11.44206948191,3.352380752563,2017.1945856201496
1020,62.96349999309,1.798587679863,11.45209450633,3.309656143188,1991.4863331675917
1021,62.97399999201,1.788196444511,11.46248574168,3.265787124634,1965.0894668104681
1022,62.98449999094,1.777891039848,11.47279114634,3.223123550415,1939.417940432692
1023,62.99499998987,1.767618060112,11.48306412608,3.179986953735,1913.4617869741535
1024,63.00549998879,1.757192492485,11.49348969371,3.138948440552,1888.7680923419555
1025,63.01549999416,1.747091174126,11.50359101207,3.099191665649,1864.8456452825822
1026,63.02549999952,1.736936450005,11.51374573619,3.058801651001,1840.542165196445
1027,63.03549998999,1.726762652397,11.52391953379,3.020059585571,1817.2302891330266
1028,63.04599998891,1.716268420219,11.53441376597,2.97899055481,1792.518231463438
1029,63.05650000274,1.705926775932,11.54475541026,2.936616897583,1767.0211539414768
1030,63.06700000167,1.695535540581,11.55514664561,2.894815444946,1741.8683833720997
1031,63.07699999213,1.685510516167,11.56517167002,2.857049942017,1719.1441245081987
1032,63.0869999975,1.675470232964,11.57521195323,2.817056655884,1695.079363908745
1033,63.09699998796,1.665414690971,11.58526749522,2.777933120728,1671.5379498773389
1034,63.10699999332,1.655370593071,11.59531159312,2.738641738892,1647.8955391396807
1035,63.11749999225,1.644883990288,11.6057981959,2.698747634888,1623.8904584120485
1036,63.12799999118,1.634469747543,11.61621243865,2.657981872559,1599.3608834269078
1037,63.13849999011,1.624047994614,11.62663419158,2.618843078613,1575.8102878762045
1038,63.14899998903,1.613565206528,11.63711697966,2.579833984375,1552.3377352353148
1039,63.15949998796,1.60307097435,11.64761121184,2.542175292969,1529.677747002282
1040,63.16949999332,1.593034505844,11.65764768035,2.50390625,1506.6504980196262
1041,63.17949999869,1.582887411118,11.66779477507,2.468231201172,1485.1841072218153
1042,63.18949998915,1.572767019272,11.67791516692,2.433380126953,1464.2135184353642
1043,63.19999998808,1.56229186058,11.68839032561,2.396095275879,1441.7784774112724
1044,63.21050000191,1.551896810532,11.69878537566,2.358268737793,1419.017492471988
1045,63.22100000083,1.541486501694,11.7091956845,2.32202911377,1397.2113854812424
1046,63.23149999976,1.531099081039,11.71958310515,2.284370422363,1374.5513972476078
1047,63.24199999869,1.520696401596,11.72998578459,2.246284484863,1351.634326489899
1048,63.25249999762,1.510205984116,11.74047620208,2.210083007813,1329.8511732961927
1049,63.26299999654,1.49980711937,11.75087506682,2.174179077148,1308.2470597167467
1050,63.27349999547,1.489541769028,11.76114041716,2.136962890625,1285.8533355270854
1051,63.2839999944,1.479133367538,11.77154881865,2.100738525391,1264.056410055035
1052,63.29399999976,1.469024419785,11.78165776641,2.0673828125,1243.985610104348
1053,63.30399999022,1.458884954453,11.79179723174,2.032318115234,1222.8864800555589
1054,63.31399999559,1.448810338974,11.80187184722,1.997482299805,1201.9250727884046
1055,63.32449999452,1.438354253769,11.81232793242,1.96297454834,1181.1610681735035
1056,63.33499999344,1.428096532822,11.82258565337,1.927436828613,1159.7773110439518
1057,63.34549999237,1.417827367783,11.83285481841,1.891227722168,1137.9895670905971
1058,63.3559999913,1.407344579697,11.84333760649,1.856254577637,1116.9455261545822
1059,63.36599999666,1.397136449814,11.85354573638,1.822662353516,1096.7324126638148
1060,63.37600000203,1.386772632599,11.86390955359,1.788178086281,1075.982538980064
1061,63.38599999249,1.376396656036,11.87428553015,1.754234910011,1055.5582505580978
1062,63.39599999785,1.366230487823,11.88445169837,1.720116257668,1035.028374671435
1063,63.40649999678,1.355782032013,11.89490015418,1.685471177101,1014.1817363876731
1064,63.41699999571,1.345516681671,11.90516550452,1.651283860207,993.6105436665798
1065,63.42749999464,1.33527803421,11.91540415198,1.618279099464,973.7509186464899
1066,63.43799999356,1.324989795685,11.92569239051,1.58425962925,953.2807226316484
1067,63.44849999249,1.314560413361,11.93612177283,1.549942612648,932.6314870007412
1068,63.45849999785,1.304554462433,11.94612772376,1.517708420753,913.2355286768775
1069,63.46899999678,1.294079303741,11.95660288245,1.485725998878,893.9910654123912
1070,63.47949999571,1.283726215363,11.96695597083,1.451584458351,873.4474172473844
1071,63.48999999464,1.273323535919,11.97735865027,1.4183126688,853.4271156498232
1072,63.5,1.263287067413,11.98739511878,1.388420701027,835.4405204520289
1073,63.50999999046,1.253265857697,11.99741632849,1.357872605324,817.0591199485251
1074,63.52049998939,1.242794513702,12.00788767249,1.323998093605,796.6761483609895
1075,63.53099998832,1.232300281525,12.01838190467,1.291412949562,777.0690151065287
1076,63.54150000215,1.221867084503,12.02881510169,1.259895920753,758.1045881631562
1077,63.55200000107,1.211510181427,12.03917200476,1.228157639503,739.0070291983989
1078,63.5625,1.201080799103,12.04960138709,1.198250412941,721.0112524819092
1079,63.57299999893,1.190590381622,12.06009180457,1.167580246925,702.5563998282402
1080,63.58349999785,1.180180072784,12.07050211341,1.136627793312,683.9316890784044
1081,63.59399999678,1.169800281525,12.08088190467,1.105064988136,664.9397175789455
1082,63.60449999571,1.159348011017,12.09133417517,1.074379563332,646.4756834071827
1083,63.61450000107,1.149319171906,12.10136301429,1.045120835304,628.8701212361523
1084,63.62450000644,1.139205336571,12.11147684962,1.017010331154,611.9554683504141
1085,63.6344999969,1.129027724266,12.12165446193,0.9894148111343,595.35069172158
1086,63.64450000226,1.118930220604,12.13175196559,0.9625822305679,579.2049910295041
1087,63.65500000119,1.108508467674,12.14217371852,0.9319273233414,560.7593198948314
1088,63.66550000012,1.098101973534,12.15258021266,0.9014860391617,542.4421900223763
1089,63.67549999058,1.088057875633,12.16262431056,0.8733412027359,525.5068787192424
1090,63.68549999595,1.077868819237,12.17281336695,0.8467680215836,509.5172638456509
1091,63.69550000131,1.067641615868,12.18304057032,0.8198362588882,493.3118832817537
1092,63.70549999177,1.057528853416,12.19315333277,0.795231461525,478.50668432474913
1093,63.7159999907,1.047152876854,12.20352930934,0.7681013345718,462.18194401732967
1094,63.72649998963,1.036967635155,12.21371455104,0.7393461465836,444.87937196493374
1095,63.73699998856,1.026702284813,12.22397990138,0.7120939493179,428.48117950764987
1096,63.74750000238,1.016291975975,12.23439021022,0.685856461525,412.69355804620074
1097,63.75749999285,1.006270766258,12.24441141993,0.6606794595718,397.5440521366125
1098,63.76749999821,0.9961961507797,12.25448603541,0.6381880044937,384.01049352410234
1099,63.77749998868,0.9861749410629,12.26450724513,0.6183897256851,372.0974729679579
1100,63.7880000025,0.9758104085922,12.2748717776,0.5944257974625,357.6778977977267
1101,63.79850000143,0.9654496908188,12.28523249537,0.5701185464859,343.0517384559452
1102,63.80849999189,0.9553865194321,12.29529566676,0.5485121011734,330.05070792993735
1103,63.81849999726,0.9452127218246,12.30546946437,0.5284620523453,317.9861923147162
1104,63.82850000262,0.9351762533188,12.31550593287,0.5077749490738,305.53834829236564
1105,63.83900000155,0.924853682518,12.32582850367,0.4861265420914,292.51206858985495
1106,63.84950000048,0.9146093130112,12.33607287318,0.4646192789078,279.57071793560823
1107,63.8599999994,0.9043401479721,12.34634203822,0.4427839517593,266.43196462856685
1108,63.87049999833,0.8938421010971,12.35684008509,0.4194303750992,252.37965020765785
1109,63.88049998879,0.8835828304291,12.36709935576,0.4007978737354,241.16810126922587
1110,63.89049999416,0.8733060359955,12.3773761502,0.3829756081104,230.44408738901598
1111,63.90049999952,0.863189458847,12.38749272734,0.3662786781788,220.39721051539345
1112,63.91099999845,0.8527715206146,12.39791066558,0.3501005470753,210.66250527867976
1113,63.92149999738,0.8425233364105,12.40815884978,0.3352346718311,201.71741065296385
1114,63.9319999963,0.8322465419769,12.41843564421,0.3189726173878,191.93220706324468
1115,63.94200000167,0.8221986293793,12.42848355681,0.3046255409718,183.2992840744978
1116,63.95199999213,0.8119142055511,12.43876798064,0.2915792763233,175.44908555769695
1117,63.9619999975,0.8016259670258,12.44905621917,0.2784109413624,167.52543489109183
1118,63.97199998796,0.7914826869965,12.45919949919,0.2648001015186,159.3355201811754
1119,63.98250000179,0.7810304164886,12.4696517697,0.2517233192921,151.46695862698368
1120,63.99300000072,0.7707974910736,12.47988469512,0.2376737892628,143.0130752535201
1121,64.00349999964,0.7605550289154,12.49012715728,0.2253637611866,135.6058850156099
1122,64.01399999857,0.7501103878021,12.50057179839,0.2127409279346,128.0104736436608
1123,64.02399998903,0.7400052547455,12.51067693145,0.2020502388477,121.57767208132157
1124,64.0339999944,0.7298276424408,12.52085454375,0.1911173164845,114.99911390913554
1125,64.04399999976,0.7196424007416,12.53103978545,0.1821985542774,109.63251620962271
1126,64.05399999022,0.709552526474,12.54112965972,0.173525840044,104.41397049972082
1127,64.06449998915,0.6990964412689,12.55158574492,0.1640920937061,98.73749654300305
1128,64.07499998808,0.6886785030365,12.56200368315,0.1552706062794,93.42943102548959
1129,64.08550000191,0.6782224178314,12.57245976836,0.1473608314991,88.66996125222549
1130,64.09600000083,0.6677701473236,12.58291203887,0.1384878456593,83.3309081089795
1131,64.10649999976,0.6573255062103,12.59335667998,0.1286211311817,77.39390855818023
1132,64.11699999869,0.6468312740326,12.60385091216,0.121697448194,73.2277899498864
1133,64.12699998915,0.6367927193642,12.61388946683,0.1146368309855,68.97927528065209
1134,64.13699999452,0.6267486214638,12.62393356473,0.1087583824992,65.44209518875903
1135,64.14699999988,0.6167045235634,12.63397766263,0.1022009178996,61.49633751323367
1136,64.15699999034,0.6066909432411,12.64399124295,0.09697764366865,58.35338888192853
1137,64.16749998927,0.5963073372841,12.65437484891,0.09001963585615,54.1666163396548
1138,64.1779999882,0.5860686898232,12.66461349637,0.08414309471846,50.63058393758965
1139,64.18850000203,0.5758510231972,12.67483116299,0.07760184258223,46.69458162571281
1140,64.19900000095,0.5654750466347,12.68520713956,0.07280295342207,43.8069939841643
1141,64.20899999142,0.5554538369179,12.69522834927,0.06659834831953,40.07355892933468
1142,64.21899999678,0.5453258156776,12.70535637051,0.06271117180586,37.73456703208968
1143,64.22900000215,0.5352397561073,12.71544243008,0.05765383690596,34.69146741700371
1144,64.23899999261,0.5252338051796,12.72544838101,0.05237048119307,31.512366555683297
1145,64.24949999154,0.5148006081581,12.73588157803,0.04575388878584,27.531030495059635
1146,64.25999999046,0.5043674111366,12.74631477505,0.04306381195784,25.912357434669598
1147,64.27049998939,0.4940066933632,12.75667549283,0.03760593384504,22.628242952835244
1148,64.28099998832,0.4836307168007,12.76705146939,0.03249519318342,19.55300802218282
1149,64.29150000215,0.4732242226601,12.77745796353,0.0290028359741,17.45158680136658
1150,64.30200000107,0.4628444314003,12.78783775479,0.02530257962644,15.225068508598143
1151,64.3125,0.4523540139198,12.79832817227,0.02066772244871,12.436182193434888
1152,64.32249999046,0.4421115517616,12.80857063443,0.01879270933568,11.307949281144351
1153,64.33249999583,0.4317966103554,12.81888557584,0.0181388463825,10.914506857313496
1154,64.34250000119,0.421622812748,12.82905937344,0.01467605587095,8.830876510225043
1155,64.35249999166,0.4115787148476,12.83910347134,0.009783706627786,5.887052066438867
1156,64.36249999702,0.401561319828,12.84912086636,0.005789241287857,3.483502335403145
1157,64.37299999595,0.391120493412,12.85956169278,0.002463302342221,1.4822183141562033
1158,64.38349999487,0.3807114958763,12.86997069031,-0.001949397730641,-1.1729916252689538
1159,64.3939999938,0.3702477812767,12.88043440491,-0.003866640850902,-2.3266351780041803
1160,64.40399999917,0.3602265715599,12.89045561463,-0.005609011277556,-3.3750543314980126
1161,64.41399998963,0.3502129912376,12.90046919495,-0.00828511081636,-4.98531697726965
1162,64.42399999499,0.3401345610619,12.91054762513,-0.01146561466157,-6.899089788188182
1163,64.43400000036,0.3299760222435,12.92070616395,-0.01313049159944,-7.900879558705041
1164,64.44399999082,0.319786965847,12.93089522034,-0.01361913047731,-8.194903350008964
1165,64.45399999619,0.3097352385521,12.94094694764,-0.01346253417432,-8.100676220743274
1166,64.46449999511,0.2994050383568,12.95127714783,-0.01156357116997,-6.958032179567701
1167,64.47499999404,0.2892579436302,12.96142424256,-0.01100712455809,-6.623207117762638
1168,64.48549999297,0.2790574431419,12.97162474305,-0.01049835421145,-6.317069818835103
1169,64.49599999189,0.268647134304,12.98203505189,-0.00849730707705,-5.112999713732523
1170,64.50599999726,0.2586068511009,12.99207533509,-0.005552241578698,-3.340894867637563
1171,64.51600000262,0.248585626483,13.00209655971,-0.004767159000039,-2.86849496922958
1172,64.52650000155,0.2380990236998,13.01258316249,-0.003619262948632,-2.1777829437585305
1173,64.53700000048,0.2276849001646,13.02299728603,-0.002216467633843,-1.3336929305455978
1174,64.5474999994,0.217293664813,13.03338852138,-0.003388473764062,-2.0389124729212402
1175,64.55749998987,0.2072877138853,13.04339447231,-0.003548482432961,-2.1351928910415814
1176,64.56749999523,0.1971825808287,13.05349960536,-0.004034856334329,-2.427853800658244
1177,64.5775000006,0.1871422976255,13.06353988857,-0.004694929812104,-2.8250332214210023
1178,64.58799999952,0.1767052859068,13.07397690028,-0.00591721246019,-3.5605051507152874
1179,64.59849999845,0.1662301272154,13.08445205898,-0.007057568524033,-4.246680214781187
1180,64.60849998891,0.1560754030943,13.0946067831,-0.006465745624155,-3.890568532548433
1181,64.61849999428,0.1457719057798,13.10491028041,-0.004240525420755,-2.5516090057466827
1182,64.62849999964,0.1354417055845,13.11524048061,-0.002630637492985,-1.5829072230299959
1183,64.63849999011,0.1252106875181,13.12547149867,-0.002581046428531,-1.5530672871470363
1184,64.64849999547,0.1151360720396,13.13554611415,-0.003034280147403,-1.8257870857648102
1185,64.65850000083,0.1051263064146,13.14555587978,-0.00581090291962,-3.4965365727207924
1186,64.6684999913,0.09496013820171,13.15572204799,-0.004781709518284,-2.8772503072380506
1187,64.67849999666,0.08478634059429,13.1658958456,-0.004291997756809,-2.582580940398786
1188,64.68850000203,0.0747422426939,13.1759399435,-0.00403975090012,-2.4307989588432197
1189,64.69900000095,0.06427852809429,13.1864036581,-0.004007147159427,-2.4111806356123036
1190,64.70949999988,0.05377666652203,13.19690551967,-0.004936279263347,-2.970258016044215
1191,64.71949999034,0.04369823634624,13.20698394984,-0.004697920288891,-2.826832651148233
1192,64.72999998927,0.03324024379253,13.2174419424,-0.001375318970531,-0.827556947024822
1193,64.74099999666,0.02295963466167,13.22772255153,0.003071664366871,1.8482819187401014
1194,64.75399999321,0.01283733546734,13.23784485072,0.008911012671888,5.361934649094492
1195,64.77650000155,0.002817079890519,13.2478651063,0.004036186728626,2.4286543255301862
1196,64.78000000119,0.001942560542375,13.24873962565,0.002379654441029,1.4318856980731438
1197,64.78099998832,0.001716539729387,13.24896564646,0.001883743796498,1.1334863392489607
1198,64.78899998963,0.0002273772843182,13.25045480891,-0.0008981241844594,-0.5404192947716097
1199,64.79199999571,-0.0002084518782794,13.25089063807,-0.001910926308483,-1.149842600678327
1200,65.05799999833,-0.002277337480336,13.25295952367,-0.004637371283025,-2.790399102630751
1201,65.05900000036,-0.002266966272146,13.25294915246,-0.004664789419621,-2.806897144103803
